FRM_Distrito,Centro,Fecha_Creacion,Hora,FRM_Orden_Final,FRM_Orden_Item_Final,EOC_ID_TIENDA,Grupo_Canal,Tipo_de_Negocio,Tipo_Despacho_Detalle,Operador_Logistico_Old,EOC_DELIVERYSTOREID,EOC_Estado,Estado_T,Estado_T_Detalle,FRM_N_DNI_Asesor,FRM_Tipologia,Fecha_Entrega_Pactada,Fecha_Entrega_Real,INR_FechaActivacion,Cruce_INAR,EOC_Estado,EOC_Cierre,Multilinea_Asesor,Multi_item,FRM_Departamento_de_entrega,INR_NumRentaIGV_Neto
Yanacancha,Netcall,1 sept 2026,10,914786884,914786884Empty,9271,Outbound,Portabilidad Postpago,EXPRESS,Retiro en tienda,3115,ABIERTAS,Pendiente Entrega,Pendiente Entrega,NET_GHUAMANT,SIM,1 sept 2026,null,null,No,ABIERTAS,null,Monolínea,Mono_item,Pasco,null
Wanchaq,Netcall,1 sept 2026,10,914793239,914793239Empty,9283,Outbound,Venta Regular / Alta,EXPRESS,Retiro en tienda,9343,ABIERTAS,Pendiente Entrega,Pendiente Entrega,TLV_NET_LSANCHA,SIM,1 sept 2026,null,null,No,ABIERTAS,null,Multilínea,Mono_item,Cusco,null
Wanchaq,Netcall,1 sept 2026,10,914791382,91479138289511710121058246518,9283,Outbound,Portabilidad Postpago,EXPRESS,Retiro en tienda,9343,ABIERTAS,Pendiente Entrega,Pendiente Entrega,NET_YHUAMAN,SIM,1 sept 2026,null,null,No,ABIERTAS,null,Monolínea,Mono_item,Cusco,null
Villa Maria Del Triunfo,Netcall,1 sept 2026,10,914785670,91478567089511710111071092379,9283,Outbound,Portabilidad Postpago,EXPRESS,Logixtal,9342,ABIERTAS,Pendiente Entrega,Pendiente de Picking,NET_GSANCHEZO,SIM,1 sept 2026,null,null,No,ABIERTAS,null,Multilínea,Mono_item,Lima - Callao,null
Villa Maria Del Triunfo,Netcall,1 sept 2026,10,914791649,91479164989511710111067972675,9283,Outbound,Portabilidad Postpago,EXPRESS,Logixtal,9342,ABIERTAS,Pendiente Entrega,Pendiente de Picking,NET_GSANCHEZO,SIM,1 sept 2026,null,null,No,ABIERTAS,null,Multilínea,Mono_item,Lima - Callao,null
Villa Maria Del Triunfo,Netcall,1 sept 2026,10,914788231,91478823189511710111071092361,9283,Outbound,Portabilidad Postpago,EXPRESS,Logixtal,9342,ABIERTAS,Pendiente Entrega,Pendiente de Picking,NET_GSANCHEZO,SIM,1 sept 2026,null,null,No,ABIERTAS,null,Multilínea,Mono_item,Lima - Callao,null
Villa Maria Del Triunfo,Netcall,1 sept 2026,10,914790608,91479060889511710111067972964,9283,Outbound,Portabilidad Postpago,EXPRESS,Logixtal,9342,ABIERTAS,Pendiente Entrega,Pendiente de Picking,NET_GSANCHEZO,SIM,1 sept 2026,null,null,No,ABIERTAS,null,Multilínea,Mono_item,Lima - Callao,null
Villa Maria Del Triunfo,Netcall,1 sept 2026,10,914789631,91478963189511710111067972956,9283,Outbound,Portabilidad Postpago,EXPRESS,Logixtal,9342,ABIERTAS,Pendiente Entrega,Pendiente de Picking,NET_GSANCHEZO,SIM,1 sept 2026,null,null,No,ABIERTAS,null,Multilínea,Mono_item,Lima - Callao,null
Villa Maria Del Triunfo,Netcall,1 sept 2026,10,914787095,91478709589511710111071092387,9283,Outbound,Portabilidad Postpago,EXPRESS,Logixtal,9342,ABIERTAS,Pendiente Entrega,Pendiente de Picking,NET_GSANCHEZO,SIM,1 sept 2026,null,null,No,ABIERTAS,null,Multilínea,Mono_item,Lima - Callao,null
Villa El Salvador,Netcall,1 sept 2026,10,914782191,91478219189511710111067970992,9283,Outbound,Portabilidad Postpago,EXPRESS,Logixtal,9342,ABIERTAS,Entregado,Entregado,NET_RCASTANEDAR,SIM,1 sept 2026,null,null,No,ABIERTAS,null,Multilínea,Mono_item,Lima - Callao,null
Villa El Salvador,Netcall,1 sept 2026,10,914790162,914790162Empty,9259,Outbound,Portabilidad Postpago,EXPRESS,Logixtal,9342,ABIERTAS,Pendiente Entrega,Pendiente de Picking,TLV_NET_MRONCAL,SIM,1 sept 2026,null,null,No,ABIERTAS,null,Monolínea,Mono_item,Lima - Callao,null
Villa El Salvador,Netcall,1 sept 2026,9,914769516,91476951689511710111071092395,9271,Outbound,Portabilidad Postpago,EXPRESS,Logixtal,9342,ABIERTAS,Pendiente Entrega,Pendiente de Picking,NET_LDIAZ,SIM,1 sept 2026,null,null,No,ABIERTAS,null,Monolínea,Mono_item,Lima - Callao,null
Villa El Salvador,Netcall,1 sept 2026,10,914783859,91478385989511710111069082812,9283,Outbound,Portabilidad Postpago,EXPRESS,Logixtal,9342,ABIERTAS,Pendiente Entrega,Pendiente de Picking,NET_RCASTANEDAR,SIM,1 sept 2026,null,null,No,ABIERTAS,null,Multilínea,Mono_item,Lima - Callao,null
Victor Larco Herrera,Netcall,1 sept 2026,11,914796790,914796790Empty,9283,Outbound,Portabilidad Postpago,EXPRESS,Logixtal,5023,ABIERTAS,Pendiente Entrega,Pendiente de Picking,NET_MROLDANM,SIM,1 sept 2026,null,null,No,ABIERTAS,null,Monolínea,Mono_item,La Libertad,null
Victor Larco Herrera,Netcall,1 sept 2026,9,914768706,914768706Empty,9283,Outbound,Portabilidad Postpago,EXPRESS,Logixtal,5023,CANCELADAS,Pendiente Entrega,Pendiente de Picking,NET_JIYASHAMAR,SIM,1 sept 2026,null,null,No,CANCELADAS,2026-09-01 09:29:21,Monolínea,Mono_item,La Libertad,null
Ventanilla,Netcall,1 sept 2026,10,914780751,914780751Empty,9283,Outbound,Portabilidad Postpago,EXPRESS,Logixtal,9001,ABIERTAS,Pendiente Entrega,Pendiente de Picking,NET_SINGAC,SIM,1 sept 2026,null,null,No,ABIERTAS,null,Monolínea,Mono_item,Lima - Callao,null
Ventanilla,Netcall,1 sept 2026,10,914779753,914779753Empty,9283,Outbound,Portabilidad Postpago,EXPRESS,Logixtal,9001,ABIERTAS,Pendiente Entrega,Pendiente de Picking,NET_JSIADEN,SIM,1 sept 2026,null,null,No,ABIERTAS,null,Monolínea,Mono_item,Lima - Callao,null
Ventanilla,Netcall,1 sept 2026,10,914786327,914786327Empty,9283,Outbound,Portabilidad Postpago,EXPRESS,Logixtal,9001,ABIERTAS,Pendiente Entrega,Pendiente de Picking,TLV_NET_KARANDA,SIM,1 sept 2026,null,null,No,ABIERTAS,null,Monolínea,Mono_item,Lima - Callao,null
Ventanilla,Netcall,1 sept 2026,10,914787343,914787343Empty,9271,Outbound,Portabilidad Postpago,EXPRESS,Logixtal,9001,ABIERTAS,Pendiente Entrega,Pendiente de Picking,NET_LGOMEZA,SIM,1 sept 2026,null,null,No,ABIERTAS,null,Monolínea,Mono_item,Lima - Callao,null
Veintiseis De Octubre,Netcall,1 sept 2026,9,914764854,91476485489511710111070535444,9283,Outbound,Portabilidad Postpago,EXPRESS,Logixtal,5021,ABIERTAS,Pendiente Entrega,Pendiente de Picking,NET_GHERRERAG,SIM,1 sept 2026,null,null,No,ABIERTAS,null,Monolínea,Mono_item,Piura,null
Veintiseis De Octubre,Netcall,1 sept 2026,10,914787587,91478758789511710111068564612,9283,Outbound,Portabilidad Postpago,EXPRESS,Logixtal,5021,ABIERTAS,Pendiente Entrega,Pendiente de Picking,NET_YNEYRAM,SIM,1 sept 2026,null,null,No,ABIERTAS,null,Monolínea,Mono_item,Piura,null
Tuman,Netcall,1 sept 2026,10,914778614,91477861489511710111068653449,9283,Outbound,Portabilidad Postpago,PROGRAMADO,Logixtal,5024,ABIERTAS,Pendiente Entrega,Pendiente de Picking,NET_RMRAMIREZ,SIM,2 sept 2026,null,null,No,ABIERTAS,null,Monolínea,Mono_item,Lambayeque,null
Trujillo,Netcall,1 sept 2026,8,914735914,91473591489511710111068682042,9283,Outbound,Portabilidad Postpago,EXPRESS,Logixtal,5023,ABIERTAS,Entregado,Entregado,NET_LOPEZDI,SIM,1 sept 2026,null,null,No,ABIERTAS,null,Multilínea,Mono_item,La Libertad,null
Trujillo,Netcall,1 sept 2026,10,914788192,914788192Empty,9283,Outbound,Portabilidad Postpago,EXPRESS,Logixtal,5023,ABIERTAS,Pendiente Entrega,Pendiente de Picking,NET_DHUAYACGONZ,SIM,1 sept 2026,null,null,No,ABIERTAS,null,Monolínea,Mono_item,La Libertad,null
Trujillo,Netcall,1 sept 2026,9,914766682,91476668289511710111068688593,9283,Outbound,Portabilidad Postpago,EXPRESS,Logixtal,5023,ABIERTAS,Entregado,Entregado,NET_LRUIZH,SIM,1 sept 2026,null,null,No,ABIERTAS,null,Monolínea,Mono_item,La Libertad,null
Trujillo,Netcall,1 sept 2026,8,914737811,91473781189511710111068682182,9283,Outbound,Portabilidad Postpago,EXPRESS,Logixtal,5023,ABIERTAS,Entregado,Entregado,NET_LOPEZDI,SIM,1 sept 2026,null,null,No,ABIERTAS,null,Multilínea,Mono_item,La Libertad,null
Trujillo,Netcall,1 sept 2026,10,914784578,914784578Empty,9283,Outbound,Portabilidad Postpago,RETIRO EN TIENDA,Retiro en tienda,3043,ABIERTAS,Pendiente Entrega,Pendiente Entrega,NET_YCASTILLOO,SIM,1 sept 2026,null,null,No,ABIERTAS,null,Multilínea,Mono_item,La Libertad,null
Trujillo,Netcall,1 sept 2026,10,914781912,914781912Empty,9283,Outbound,Portabilidad Postpago,RETIRO EN TIENDA,Retiro en tienda,3043,CANCELADAS,Cancelado,Cancelado,NET_YCASTILLOO,SIM,1 sept 2026,null,null,No,CANCELADAS,2026-09-01 11:12:24,Multilínea,Mono_item,La Libertad,null
Trujillo,Netcall,1 sept 2026,9,914770362,91477036289511710111068688577,9283,Outbound,Portabilidad Postpago,EXPRESS,Logixtal,5023,ABIERTAS,Entregado,Entregado,NET_VMEJIAC,SIM,1 sept 2026,null,null,No,ABIERTAS,null,Multilínea,Mono_item,La Libertad,null
Trujillo,Netcall,1 sept 2026,9,914771083,91477108389511710111068688569,9283,Outbound,Portabilidad Postpago,EXPRESS,Logixtal,5023,ABIERTAS,Entregado,Entregado,NET_VMEJIAC,SIM,1 sept 2026,null,null,No,ABIERTAS,null,Multilínea,Mono_item,La Libertad,null
Trujillo,Netcall,1 sept 2026,9,914769422,91476942289511710111068688585,9283,Outbound,Portabilidad Postpago,EXPRESS,Logixtal,5023,ABIERTAS,Entregado,Entregado,NET_VMEJIAC,SIM,1 sept 2026,null,null,No,ABIERTAS,null,Multilínea,Mono_item,La Libertad,null
Tarapoto,Netcall,1 sept 2026,9,914768823,91476882389511710101051104203,9283,Outbound,Portabilidad Postpago,EXPRESS,Retiro en tienda,9352,ABIERTAS,Pendiente Entrega,Pendiente Entrega,NET_MROJASS,SIM,1 sept 2026,null,null,No,ABIERTAS,null,Monolínea,Mono_item,San Martin,null
Tarapoto,Netcall,1 sept 2026,10,914784543,91478454389511710101051104187,9283,Outbound,Portabilidad Postpago,EXPRESS,Retiro en tienda,9352,ABIERTAS,Pendiente Entrega,Pendiente Entrega,NET_AYROJASS,SIM,1 sept 2026,null,null,No,ABIERTAS,null,Monolínea,Mono_item,San Martin,null
Tacna,Netcall,1 sept 2026,10,914784691,91478469189511710111069172951,9283,Outbound,Portabilidad Postpago,EXPRESS,Retiro en tienda,9348,ABIERTAS,Pendiente Entrega,Pendiente Entrega,NET_OTACOM,SIM,1 sept 2026,null,null,No,ABIERTAS,null,Monolínea,Mono_item,Tacna,null
Tacna,Netcall,1 sept 2026,10,914795588,914795588Empty,9283,Outbound,Portabilidad Postpago,EXPRESS,Retiro en tienda,9348,ABIERTAS,Pendiente Entrega,Pendiente Entrega,NET_CCURAYG,SIM,1 sept 2026,null,null,No,ABIERTAS,null,Monolínea,Mono_item,Tacna,null
Tacna,Netcall,1 sept 2026,8,914729335,91472933589511710111069172985,9283,Outbound,Portabilidad Postpago,EXPRESS,Retiro en tienda,9348,ABIERTAS,Pendiente Entrega,Pendiente Entrega,NET_TANCHANTEG,SIM,2 sept 2026,null,null,No,ABIERTAS,null,Monolínea,Mono_item,Tacna,null
Surquillo,Netcall,1 sept 2026,10,914793833,914793833Empty,9271,Outbound,Portabilidad Postpago,EXPRESS,Logixtal,9001,ABIERTAS,Pendiente Entrega,Pendiente de Picking,NET_SCOVENASC,SIM,1 sept 2026,null,null,No,ABIERTAS,null,Monolínea,Mono_item,Lima - Callao,null
Subtanjalla,Netcall,1 sept 2026,10,914793869,914793869Empty,9283,Outbound,Portabilidad Postpago,EXPRESS,Retiro en tienda,9345,ABIERTAS,Pendiente Entrega,Pendiente Entrega,NET_SBENITOV,SIM,1 sept 2026,null,null,No,ABIERTAS,null,Monolínea,Mono_item,Ica,null
Santiago De Surco,Netcall,1 sept 2026,7,914669822,91466982289511710101029992671,9283,Outbound,Portabilidad Postpago,EXPRESS,Logixtal,9342,ABIERTAS,Entregado,Entregado,TLV_NET_MFARFAN,SIM,1 sept 2026,null,null,No,ABIERTAS,null,Monolínea,Mono_item,Lima - Callao,null
Santiago De Surco,Netcall,1 sept 2026,10,914792053,914792053Empty,9289,Outbound,Portabilidad Postpago,EXPRESS,Logixtal,9342,ABIERTAS,Pendiente Entrega,Pendiente de Picking,TLV_NET_MLANDAR,SIM,1 sept 2026,null,null,No,ABIERTAS,null,Monolínea,Mono_item,Lima - Callao,null
Santiago De Surco,Netcall,1 sept 2026,8,914686510,91468651089511710111071093377,9283,Outbound,Portabilidad Postpago,EXPRESS,Logixtal,9342,CANCELADAS,Pendiente Entrega,Pendiente de Picking,NET_AAPOLAYACAC,SIM,1 sept 2026,null,null,No,CANCELADAS,2026-09-01 09:12:12,Monolínea,Mono_item,Lima - Callao,null
Santiago,Netcall,1 sept 2026,10,914788747,914788747Empty,9283,Outbound,Portabilidad Postpago,EXPRESS,Retiro en tienda,9343,ABIERTAS,Pendiente Entrega,Pendiente Entrega,NET_GVILELAR,SIM,1 sept 2026,null,null,No,ABIERTAS,null,Monolínea,Mono_item,Cusco,null
Santa Rosa,Netcall,1 sept 2026,7,914669895,91466989589511710111073719144,9283,Outbound,Portabilidad Postpago,PROGRAMADO,Logixtal,9001,ABIERTAS,Pendiente Entrega,Pendiente de Picking,NET_MFERRER,SIM,2 sept 2026,null,null,No,ABIERTAS,null,Monolínea,Mono_item,Lima - Callao,null
Santa Anita,Netcall,1 sept 2026,10,914784326,914784326Empty,9283,Outbound,Portabilidad Postpago,EXPRESS,Logixtal,9001,ABIERTAS,Pendiente Entrega,Pendiente de Picking,TLV_NET_JSILVAT,SIM,1 sept 2026,null,null,No,ABIERTAS,null,Monolínea,Mono_item,Lima - Callao,null
Sanchez Carrion,Netcall,1 sept 2026,10,914788512,914788512Empty,9271,Outbound,Portabilidad Postpago,RETIRO EN TIENDA,Retiro en tienda,2112,ABIERTAS,Pendiente Entrega,Pendiente Entrega,NET_MRUIZSANCHC,SIM,1 sept 2026,null,null,No,ABIERTAS,null,Monolínea,Mono_item,La Libertad,null
San Sebastian,Netcall,1 sept 2026,10,914790486,91479048689511710121058249355,9271,Outbound,Portabilidad Postpago,EXPRESS,Retiro en tienda,9343,ABIERTAS,Pendiente Entrega,Pendiente Entrega,NET_LGOMEZA,SIM,1 sept 2026,null,null,No,ABIERTAS,null,Monolínea,Mono_item,Cusco,null
San Sebastian,Netcall,1 sept 2026,9,914772503,91477250389511710121058249389,9271,Outbound,Portabilidad Postpago,EXPRESS,Retiro en tienda,9343,ABIERTAS,Entregado,Entregado,NET_LNECIOSUPC,SIM,1 sept 2026,null,null,No,ABIERTAS,null,Monolínea,Mono_item,Cusco,null
San Sebastian,Netcall,1 sept 2026,9,914767340,91476734089511710121058249363,9283,Outbound,Portabilidad Postpago,EXPRESS,Retiro en tienda,9343,ABIERTAS,Pendiente Entrega,Pendiente Entrega,NET_LCALDERONC,SIM,1 sept 2026,null,null,No,ABIERTAS,null,Monolínea,Mono_item,Cusco,null
San Roman,Netcall,1 sept 2026,10,914790998,914790998Empty,9283,Outbound,Portabilidad Postpago,RETIRO EN TIENDA,Retiro en tienda,2104,ABIERTAS,Pendiente Entrega,Pendiente Entrega,NET_RDULANTORO,SIM,1 sept 2026,null,null,No,ABIERTAS,null,Monolínea,Mono_item,Puno,null
San Miguel,Netcall,1 sept 2026,9,914758065,91475806589511710111073736882,9283,Outbound,Portabilidad Postpago,EXPRESS,Logixtal,9001,ABIERTAS,Entregado,Entregado,NET_SDIAZO,SIM,1 sept 2026,null,null,No,ABIERTAS,null,Multilínea,Mono_item,Lima - Callao,null
San Miguel,Netcall,1 sept 2026,10,914778037,91477803789511710111071536342,5299,Outbound,Portabilidad Postpago,EXPRESS,Logixtal,9001,CANCELADAS,Pendiente Entrega,Pendiente de Picking,NET_JBOZAC,SIM,1 sept 2026,null,null,No,CANCELADAS,2026-09-01 10:39:13,Monolínea,Mono_item,Lima - Callao,null
San Miguel,Netcall,1 sept 2026,9,914760614,91476061489511710111073736924,9283,Outbound,Venta Regular / Alta,EXPRESS,Logixtal,9001,ABIERTAS,Entregado,Entregado,NET_SDIAZO,SIM,1 sept 2026,null,null,No,ABIERTAS,null,Multilínea,Mono_item,Lima - Callao,null
San Martin De Porres,Netcall,1 sept 2026,0,914593079,91459307989511710111071543520,9283,Outbound,Portabilidad Postpago,EXPRESS,Logixtal,9001,ABIERTAS,Pendiente Entrega,Pendiente de Picking,NET_JAMASIFUENT,SIM,1 sept 2026,null,null,No,ABIERTAS,null,Monolínea,Mono_item,Lima - Callao,null
San Martin De Porres,Netcall,1 sept 2026,8,914735355,91473535589511710111071543512,9283,Outbound,Portabilidad Postpago,EXPRESS,Logixtal,9001,ABIERTAS,Pendiente Entrega,Pendiente de Picking,NET_SLAZOB,SIM,1 sept 2026,null,null,No,ABIERTAS,null,Monolínea,Mono_item,Lima - Callao,null
San Martin De Porres,Netcall,1 sept 2026,9,914774663,914774663Empty,9283,Outbound,Portabilidad Postpago,PROGRAMADO,Logixtal,9001,ABIERTAS,Pendiente Entrega,Pendiente de Picking,NET_GHERRERAG,SIM,3 sept 2026,null,null,No,ABIERTAS,null,Monolínea,Mono_item,Lima - Callao,null
San Martin De Porres,Netcall,1 sept 2026,9,914773616,91477361689511710111071281295,9271,Outbound,Venta Regular / Alta,EXPRESS,Logixtal,9001,ABIERTAS,Entregado,Entregado,NET_CREYESJ,SIM,1 sept 2026,null,null,No,ABIERTAS,null,Monolínea,Mono_item,Lima - Callao,null
San Martin De Porres,Netcall,1 sept 2026,9,914772674,91477267489511710111073785517,9283,Outbound,Venta Regular / Alta,EXPRESS,Logixtal,9001,ABIERTAS,Pendiente Entrega,Pendiente de Picking,TLV_NET_JSILVAT,SIM,1 sept 2026,null,null,No,ABIERTAS,null,Monolínea,Mono_item,Lima - Callao,null
San Martin De Porres,Netcall,1 sept 2026,9,914769943,91476994389511710111071543504,9283,Outbound,Portabilidad Postpago,EXPRESS,Logixtal,9001,ABIERTAS,Entregado,Entregado,NET_GSANCHEZO,SIM,1 sept 2026,null,null,No,ABIERTAS,null,Monolínea,Mono_item,Lima - Callao,null
San Juan De Miraflores,Netcall,1 sept 2026,10,914783393,91478339389511710111070870551,9271,Outbound,Portabilidad Postpago,EXPRESS,Logixtal,9342,ABIERTAS,Pendiente Entrega,Pendiente de Picking,NET_VAYALAS,SIM,1 sept 2026,null,null,No,ABIERTAS,null,Monolínea,Mono_item,Lima - Callao,null
San Juan De Miraflores,Netcall,1 sept 2026,11,914797845,914797845Empty,9283,Outbound,Portabilidad Postpago,EXPRESS,Logixtal,9342,ABIERTAS,Pendiente Entrega,Pendiente de Picking,NET_GURBINAA,SIM,1 sept 2026,null,null,No,ABIERTAS,null,Monolínea,Mono_item,Lima - Callao,null
San Juan De Miraflores,Netcall,1 sept 2026,9,914767747,91476774789511710111071093385,9283,Outbound,Portabilidad Postpago,EXPRESS,Logixtal,9342,ABIERTAS,Entregado,Entregado,NET_GHERRERAG,SIM,1 sept 2026,null,null,No,ABIERTAS,null,Monolínea,Mono_item,Lima - Callao,null
San Juan De Miraflores,Netcall,1 sept 2026,9,914769032,914769032Empty,9283,Outbound,Portabilidad Postpago,PROGRAMADO,Logixtal,9342,ABIERTAS,Pendiente Entrega,Pendiente de Picking,TLV_NET_LVILLLA,SIM,2 sept 2026,null,null,No,ABIERTAS,null,Monolínea,Mono_item,Lima - Callao,null
San Juan De Lurigancho,Netcall,1 sept 2026,10,914787092,91478709289511710111073932457,9283,Outbound,Portabilidad Postpago,EXPRESS,Logixtal,9001,ABIERTAS,Pendiente Entrega,Pendiente de Picking,NET_MMREVILLA,SIM,1 sept 2026,null,null,No,ABIERTAS,null,Monolínea,Mono_item,Lima - Callao,null
San Juan De Lurigancho,Netcall,1 sept 2026,9,914773287,91477328789511710111073924371,9283,Outbound,Portabilidad Postpago,EXPRESS,Logixtal,9001,ABIERTAS,Entregado,Entregado,NET_DFRANCIAH,SIM,1 sept 2026,null,null,No,ABIERTAS,null,Monolínea,Mono_item,Lima - Callao,null
San Juan De Lurigancho,Netcall,1 sept 2026,10,914796456,914796456Empty,9271,Outbound,Portabilidad Postpago,PROGRAMADO,Logixtal,9001,ABIERTAS,Pendiente Entrega,Pendiente de Picking,NET_DMALCAD,SIM,3 sept 2026,null,null,No,ABIERTAS,null,Monolínea,Mono_item,Lima - Callao,null
San Juan De Lurigancho,Netcall,1 sept 2026,9,914767973,91476797389511710111073945160,9283,Outbound,Portabilidad Postpago,EXPRESS,Logixtal,9001,ABIERTAS,Entregado,Entregado,TLV_NET_MCHAMBI,SIM,1 sept 2026,null,null,No,ABIERTAS,null,Monolínea,Mono_item,Lima - Callao,null
San Juan Bautista,Netcall,1 sept 2026,7,914679594,91467959489511710121058066650,9283,Outbound,Portabilidad Postpago,EXPRESS,Retiro en tienda,9354,ABIERTAS,Pendiente Entrega,Pendiente Entrega,TLV_NET_DCASTIA,SIM,1 sept 2026,null,null,No,ABIERTAS,null,Monolínea,Mono_item,Ayacucho,null
San Juan Bautista,Netcall,1 sept 2026,9,914769719,914769719Empty,9283,Outbound,Portabilidad Postpago,EXPRESS,Retiro en tienda,9355,ABIERTAS,Pendiente Entrega,Pendiente Entrega,NET_SSALAZARV,SIM,1 sept 2026,null,null,No,ABIERTAS,null,Monolínea,Mono_item,Loreto,null
San Jeronimo,Netcall,1 sept 2026,9,914774393,91477439389511710111069376818,9283,Outbound,Portabilidad Postpago,EXPRESS,Retiro en tienda,9343,ABIERTAS,Entregado,Entregado,NET_ATRIVINOS,SIM,1 sept 2026,null,null,No,ABIERTAS,null,Monolínea,Mono_item,Cusco,null
San Jeronimo,Netcall,1 sept 2026,8,914734788,91473478889511710111069376800,9283,Outbound,Portabilidad Postpago,EXPRESS,Retiro en tienda,9343,ABIERTAS,Entregado,Entregado,NET_TANCHANTEG,SIM,1 sept 2026,null,null,No,ABIERTAS,null,Monolínea,Mono_item,Cusco,null
San Clemente,Netcall,1 sept 2026,10,914777763,914777763Empty,9283,Outbound,Portabilidad Postpago,EXPRESS,Retiro en tienda,9345,ABIERTAS,Pendiente Entrega,Pendiente Entrega,TLV_NET_BRAMIRE,SIM,1 sept 2026,null,null,No,ABIERTAS,null,Monolínea,Mono_item,Ica,null
San Borja,Netcall,1 sept 2026,9,914774089,91477408989511710111071057034,9283,Outbound,Venta Regular / Alta,EXPRESS,Logixtal,9001,ABIERTAS,Pendiente Entrega,Pendiente de Picking,NET_GCABALLEROC,SIM,1 sept 2026,null,null,No,ABIERTAS,null,Monolínea,Mono_item,Lima - Callao,null
San Andres,Netcall,1 sept 2026,9,914766666,914766666Empty,9283,Outbound,Portabilidad Postpago,EXPRESS,Retiro en tienda,9345,ABIERTAS,Pendiente Entrega,Pendiente Entrega,NET_VCARMENG,SIM,1 sept 2026,null,null,No,ABIERTAS,null,Monolínea,Mono_item,Ica,null
San Andres,Netcall,1 sept 2026,9,914760515,914760515Empty,9283,Outbound,Portabilidad Postpago,EXPRESS,Retiro en tienda,9345,ABIERTAS,Pendiente Entrega,Pendiente Entrega,NET_VCARMENG,SIM,1 sept 2026,null,null,No,ABIERTAS,null,Monolínea,Mono_item,Ica,null
Puno,Netcall,1 sept 2026,10,914776700,914776700Empty,9283,Outbound,Portabilidad Postpago,PROGRAMADO,Retiro en tienda,9351,ABIERTAS,Pendiente Entrega,Pendiente Entrega,NET_JRAMIREZQ,SIM,2 sept 2026,null,null,No,ABIERTAS,null,Monolínea,Mono_item,Puno,null
Puno,Netcall,1 sept 2026,10,914782523,91478252389511710111070968843,9283,Outbound,Portabilidad Postpago,EXPRESS,Retiro en tienda,9351,ABIERTAS,Pendiente Entrega,Pendiente Entrega,NET_JCAVEROC,SIM,1 sept 2026,null,null,No,ABIERTAS,null,Monolínea,Mono_item,Puno,null
Punchana,Netcall,1 sept 2026,9,914771045,91477104589511710101045168470,9283,Outbound,Portabilidad Postpago,EXPRESS,Retiro en tienda,9355,ABIERTAS,Pendiente Entrega,Pendiente Entrega,TLV_NET_MFARFAN,SIM,1 sept 2026,null,null,No,ABIERTAS,null,Monolínea,Mono_item,Loreto,null
Puente Piedra,Netcall,1 sept 2026,10,914788723,91478872389511710111073735801,9283,Outbound,Portabilidad Postpago,EXPRESS,Logixtal,9001,ABIERTAS,Pendiente Entrega,Pendiente de Picking,NET_AARANAS,SIM,1 sept 2026,null,null,No,ABIERTAS,null,Monolínea,Mono_item,Lima - Callao,null
Pueblo Nuevo,Netcall,1 sept 2026,9,914764839,91476483989511710111069281364,9283,Outbound,Portabilidad Postpago,EXPRESS,Retiro en tienda,9345,ABIERTAS,Pendiente Entrega,Pendiente Entrega,NET_ARAMOSR,SIM,1 sept 2026,null,null,No,ABIERTAS,null,Monolínea,Mono_item,Ica,null
Pomalca,Netcall,1 sept 2026,10,914791644,91479164489511710111068653431,9283,Outbound,Portabilidad Postpago,PROGRAMADO,Logixtal,5024,ABIERTAS,Pendiente Entrega,Pendiente de Picking,TLV_NET_DVALOI,SIM,2 sept 2026,null,null,No,ABIERTAS,null,Monolínea,Mono_item,Lambayeque,null
Pomalca,Netcall,1 sept 2026,9,914766242,91476624289511710111068660634,9283,Outbound,Venta Regular / Alta,PROGRAMADO,Logixtal,5024,ABIERTAS,Pendiente Entrega,Pendiente de Picking,NET_ADOROTEOSAL,SIM,2 sept 2026,null,null,No,ABIERTAS,null,Monolínea,Mono_item,Lambayeque,null
Piura,Netcall,1 sept 2026,10,914784146,914784146Empty,5299,Outbound,Portabilidad Postpago,RETIRO EN TIENDA,Retiro en tienda,8008,ABIERTAS,Pendiente Entrega,Pendiente Entrega,NET_MCORDOVACRU,SIM,1 sept 2026,null,null,No,ABIERTAS,null,Monolínea,Mono_item,Piura,null
Piura,Netcall,1 sept 2026,10,914779032,914779032Empty,5299,Outbound,Portabilidad Postpago,RETIRO EN TIENDA,Retiro en tienda,8008,ABIERTAS,Pendiente Entrega,Pendiente Entrega,NET_MCORDOVACRU,SIM,1 sept 2026,null,null,No,ABIERTAS,null,Monolínea,Mono_item,Piura,null
Pisco,Netcall,1 sept 2026,9,914774401,914774401Empty,9283,Outbound,Portabilidad Postpago,EXPRESS,Retiro en tienda,9345,ABIERTAS,Pendiente Entrega,Pendiente Entrega,NET_JSANGAMA,SIM,1 sept 2026,null,null,No,ABIERTAS,null,Monolínea,Mono_item,Ica,null
Pisco,Netcall,1 sept 2026,10,914790793,914790793Empty,9283,Outbound,Portabilidad Postpago,EXPRESS,Retiro en tienda,9345,ABIERTAS,Pendiente Entrega,Pendiente Entrega,NET_GCABALLEROC,SIM,1 sept 2026,null,null,No,ABIERTAS,null,Monolínea,Mono_item,Ica,null
Pisco,Netcall,1 sept 2026,6,914669204,91466920489511710111070906231,9283,Outbound,Portabilidad Postpago,EXPRESS,Retiro en tienda,9345,ABIERTAS,Pendiente Entrega,Pendiente Entrega,NET_KDIAZPISCOY,SIM,1 sept 2026,null,null,No,ABIERTAS,null,Monolínea,Mono_item,Ica,null
Paucarpata,Netcall,1 sept 2026,10,914781147,91478114789511710111070709387,9283,Outbound,Portabilidad Postpago,EXPRESS,Logixtal,5022,ABIERTAS,Pendiente Entrega,Pendiente de Picking,NET_MDIAZP,SIM,1 sept 2026,null,null,No,ABIERTAS,null,Monolínea,Mono_item,Arequipa,null
Paucarpata,Netcall,1 sept 2026,7,914680385,91468038589511710111070709353,9289,Outbound,Portabilidad Postpago,EXPRESS,Logixtal,5022,ABIERTAS,Pendiente Entrega,Pendiente de Picking,TLV_NET_MLANDAR,SIM,1 sept 2026,null,null,No,ABIERTAS,null,Monolínea,Mono_item,Arequipa,null
Paucarpata,Netcall,1 sept 2026,9,914766765,91476676589511710111070740390,9271,Outbound,Portabilidad Postpago,EXPRESS,Logixtal,5022,ABIERTAS,Pendiente Entrega,Pendiente de Picking,NET_YPAREDESG,SIM,1 sept 2026,null,null,No,ABIERTAS,null,Monolínea,Mono_item,Arequipa,null
Pasco,Netcall,1 sept 2026,9,914767798,914767798Empty,9271,Outbound,Portabilidad Postpago,RETIRO EN TIENDA,Retiro en tienda,7151,ABIERTAS,Pendiente Entrega,Pendiente Entrega,NET_KTAYAB,SIM,1 sept 2026,null,null,No,ABIERTAS,null,Monolínea,Mono_item,Pasco,null
Parcona,Netcall,1 sept 2026,10,914788432,914788432Empty,9283,Outbound,Portabilidad Postpago,EXPRESS,Retiro en tienda,9345,ABIERTAS,Pendiente Entrega,Pendiente Entrega,NET_MRIOSA,SIM,1 sept 2026,null,null,No,ABIERTAS,null,Monolínea,Mono_item,Ica,null
Nuevo Chimbote,Netcall,1 sept 2026,9,914771825,91477182589511710111069186159,9283,Outbound,Portabilidad Postpago,EXPRESS,Retiro en tienda,9344,ABIERTAS,Pendiente Entrega,Pendiente Entrega,NET_DVILLALOBOS,SIM,1 sept 2026,null,null,No,ABIERTAS,null,Monolínea,Mono_item,Ancash,null
Moquegua,Netcall,1 sept 2026,9,914763332,91476333289511710101045191332,9283,Outbound,Portabilidad Postpago,EXPRESS,Retiro en tienda,9356,ABIERTAS,Entregado,Entregado,NET_DMORENOL,SIM,1 sept 2026,null,null,No,ABIERTAS,null,Monolínea,Mono_item,Moquegua,null
Moche,Netcall,1 sept 2026,10,914785934,914785934Empty,9283,Outbound,Venta Regular / Alta,PROGRAMADO,Logixtal,5023,ABIERTAS,Pendiente Entrega,Pendiente de Picking,NET_LDIAZM,SIM,2 sept 2026,null,null,No,ABIERTAS,null,Multilínea,Mono_item,La Libertad,null
Moche,Netcall,1 sept 2026,10,914787706,914787706Empty,9283,Outbound,Portabilidad Postpago,PROGRAMADO,Logixtal,5023,ABIERTAS,Pendiente Entrega,Pendiente de Picking,NET_LDIAZM,SIM,2 sept 2026,null,null,No,ABIERTAS,null,Multilínea,Mono_item,La Libertad,null
Miraflores,Netcall,1 sept 2026,10,914790397,914790397Empty,9283,Outbound,Venta Regular / Alta,PROGRAMADO,Logixtal,9001,ABIERTAS,Pendiente Entrega,Pendiente de Picking,NET_GHERRERAG,SIM,3 sept 2026,null,null,No,ABIERTAS,null,Multilínea,Mono_item,Lima - Callao,null
Miraflores,Netcall,1 sept 2026,10,914793428,914793428Empty,9283,Outbound,Portabilidad Postpago,PROGRAMADO,Logixtal,9001,ABIERTAS,Pendiente Entrega,Pendiente de Picking,NET_GHERRERAG,SIM,3 sept 2026,null,null,No,ABIERTAS,null,Multilínea,Mono_item,Lima - Callao,null
Miraflores,Netcall,1 sept 2026,9,914767330,91476733089511710111071541078,5299,Outbound,Portabilidad Postpago,EXPRESS,Logixtal,9001,ABIERTAS,Entregado,Entregado,NET_RCANDIOTTIA,SIM,1 sept 2026,null,null,No,ABIERTAS,null,Monolínea,Mono_item,Lima - Callao,null
Manantay,Netcall,1 sept 2026,11,914797201,914797201Empty,9283,Outbound,Portabilidad Postpago,PROGRAMADO,Retiro en tienda,9349,ABIERTAS,Pendiente Entrega,Pendiente Entrega,NET_CULLOAC,SIM,2 sept 2026,null,null,No,ABIERTAS,null,Monolínea,Mono_item,Ucayali,null
Lurin,Netcall,1 sept 2026,10,914795312,914795312Empty,9283,Outbound,Portabilidad Postpago,PROGRAMADO,Logixtal,9342,ABIERTAS,Pendiente Entrega,Pendiente de Picking,NET_VCHIRIA,SIM,2 sept 2026,null,null,No,ABIERTAS,null,Monolínea,Mono_item,Lima - Callao,null
Lurigancho,Netcall,1 sept 2026,0,914592365,91459236589511710101046543374,9283,Outbound,Portabilidad Postpago,PROGRAMADO,Logixtal,9001,ABIERTAS,Pendiente Entrega,Pendiente de Picking,NET_MMREVILLA,SIM,2 sept 2026,null,null,No,ABIERTAS,null,Monolínea,Mono_item,Lima - Callao,null
Los Olivos,Netcall,1 sept 2026,10,914788987,914788987Empty,9283,Outbound,Portabilidad Postpago,EXPRESS,Logixtal,9001,ABIERTAS,Pendiente Entrega,Pendiente de Picking,NET_YRUEDAMONDR,SIM,1 sept 2026,null,null,No,ABIERTAS,null,Monolínea,Mono_item,Lima - Callao,null
Lima - Callao,Netcall,1 sept 2026,9,914774608,91477460889511710111073923647,5299,Outbound,Portabilidad Postpago,EXPRESS,Logixtal,9001,ABIERTAS,Pendiente Entrega,Pendiente de Picking,NET_AEREYES,SIM,1 sept 2026,null,null,No,ABIERTAS,null,Monolínea,Mono_item,Lima - Callao,null
Lima - Callao,Netcall,1 sept 2026,10,914789699,914789699Empty,9265,Outbound,Portabilidad Postpago,EXPRESS,Logixtal,9001,ABIERTAS,Pendiente Entrega,Pendiente de Picking,NET_IRODRIGUEZS,SIM,1 sept 2026,null,null,No,ABIERTAS,null,Monolínea,Mono_item,Lima - Callao,null
Lima - Callao,Netcall,1 sept 2026,10,914790736,914790736Empty,9283,Outbound,Portabilidad Postpago,RETIRO EN TIENDA,Retiro en tienda,8018,ABIERTAS,Pendiente Entrega,Pendiente Entrega,NET_MGONZALESR,SIM,1 sept 2026,null,null,No,ABIERTAS,null,Monolínea,Mono_item,Lima - Callao,null
Lima - Callao,Netcall,1 sept 2026,9,914771352,91477135289511710111073735124,9283,Outbound,Portabilidad Postpago,EXPRESS,Logixtal,9001,ABIERTAS,Entregado,Entregado,NET_ACORDOVAS,SIM,1 sept 2026,null,null,No,ABIERTAS,null,Monolínea,Mono_item,Lima - Callao,null
Lima - Callao,Netcall,1 sept 2026,10,914796131,914796131Empty,9283,Outbound,Portabilidad Postpago,RETIRO EN TIENDA,Retiro en tienda,6036,ABIERTAS,Pendiente Entrega,Pendiente Entrega,NET_ABARRERAY,SIM,1 sept 2026,null,null,No,ABIERTAS,null,Multilínea,Mono_item,Lima - Callao,null
Lima - Callao,Netcall,1 sept 2026,10,914796236,914796236Empty,9283,Outbound,Portabilidad Postpago,RETIRO EN TIENDA,Retiro en tienda,3032,ABIERTAS,Pendiente Entrega,Pendiente Entrega,NET_MDIAZP,SIM,1 sept 2026,null,null,No,ABIERTAS,null,Monolínea,Mono_item,Lima - Callao,null
Lima - Callao,Netcall,1 sept 2026,8,914730256,914730256Empty,9283,Outbound,Portabilidad Postpago,RETIRO EN TIENDA,Retiro en tienda,5055,ABIERTAS,Pendiente Entrega,Pendiente Entrega,TLV_NET_EBULNES,SIM,1 sept 2026,null,null,No,ABIERTAS,null,Multilínea,Mono_item,Lima - Callao,null
Lima - Callao,Netcall,1 sept 2026,8,914732929,914732929Empty,9283,Outbound,Portabilidad Postpago,RETIRO EN TIENDA,Retiro en tienda,5055,ABIERTAS,Pendiente Entrega,Pendiente Entrega,TLV_NET_EBULNES,SIM,1 sept 2026,null,null,No,ABIERTAS,null,Multilínea,Mono_item,Lima - Callao,null
Lima - Callao,Netcall,1 sept 2026,9,914766777,914766777Empty,9283,Outbound,Portabilidad Postpago,RETIRO EN TIENDA,Retiro en tienda,2106,ABIERTAS,Pendiente Entrega,Pendiente Entrega,NET_MGONZALESR,SIM,1 sept 2026,null,null,No,ABIERTAS,null,Monolínea,Mono_item,Lima - Callao,null
Lambayeque,Netcall,1 sept 2026,10,914791272,914791272Empty,9283,Outbound,Portabilidad Postpago,RETIRO EN TIENDA,Retiro en tienda,8014,ABIERTAS,Pendiente Entrega,Pendiente Entrega,NET_SGONZALESF,SIM,1 sept 2026,null,null,No,ABIERTAS,null,Monolínea,Mono_item,Lambayeque,null
Lambayeque,Netcall,1 sept 2026,9,914764797,914764797Empty,9283,Outbound,Portabilidad Postpago,RETIRO EN TIENDA,Retiro en tienda,7126,ABIERTAS,Pendiente Entrega,Pendiente Entrega,NET_SFAJARDON,SIM,1 sept 2026,null,null,No,ABIERTAS,null,Monolínea,Mono_item,Lambayeque,null
La Victoria,Netcall,1 sept 2026,10,914785349,91478534989511710111073974244,9283,Outbound,Portabilidad Postpago,EXPRESS,Logixtal,9001,ABIERTAS,Pendiente Entrega,Pendiente de Picking,NET_LCCASTILLO,SIM,1 sept 2026,null,null,No,ABIERTAS,null,Monolínea,Mono_item,Lima - Callao,null
La Victoria,Netcall,1 sept 2026,10,914778530,91477853089511710111073944759,9283,Outbound,Portabilidad Postpago,EXPRESS,Logixtal,9001,ABIERTAS,Pendiente Entrega,Pendiente de Picking,NET_KCHUNAP,SIM,1 sept 2026,null,null,No,ABIERTAS,null,Monolínea,Mono_item,Lima - Callao,null
La Victoria,Netcall,1 sept 2026,8,914730849,91473084989511710111073739241,9283,Outbound,Portabilidad Postpago,EXPRESS,Logixtal,9001,ABIERTAS,Pendiente Entrega,Pendiente de Picking,TLV_NET_DVALOI,SIM,1 sept 2026,null,null,No,ABIERTAS,null,Multilínea,Mono_item,Lima - Callao,null
La Victoria,Netcall,1 sept 2026,10,914795802,914795802Empty,9283,Outbound,Portabilidad Postpago,EXPRESS,Logixtal,9001,ABIERTAS,Pendiente Entrega,Pendiente de Picking,TLV_NET_JSILVAT,SIM,1 sept 2026,null,null,No,ABIERTAS,null,Monolínea,Mono_item,Lima - Callao,null
La Victoria,Netcall,1 sept 2026,8,914732573,91473257389511710111073739233,9283,Outbound,Portabilidad Postpago,EXPRESS,Logixtal,9001,ABIERTAS,Pendiente Entrega,Pendiente de Picking,TLV_NET_DVALOI,SIM,1 sept 2026,null,null,No,ABIERTAS,null,Multilínea,Mono_item,Lima - Callao,null
La Union,Netcall,1 sept 2026,8,914740354,91474035489511710111070517137,9283,Outbound,Portabilidad Postpago,PROGRAMADO,Logixtal,5021,ABIERTAS,Pendiente Entrega,Pendiente de Picking,NET_YVEGASA,SIM,2 sept 2026,null,null,No,ABIERTAS,null,Multilínea,Mono_item,Piura,null
La Union,Netcall,1 sept 2026,8,914749949,91474994989511710111070517053,9283,Outbound,Portabilidad Postpago,PROGRAMADO,Logixtal,5021,ABIERTAS,Pendiente Entrega,Pendiente de Picking,NET_YVEGASA,SIM,9 sept 2026,null,null,No,ABIERTAS,null,Multilínea,Mono_item,Piura,null
La Molina,Netcall,1 sept 2026,10,914780802,91478080289511710111073796829,9283,Outbound,Portabilidad Postpago,EXPRESS,Logixtal,9001,ABIERTAS,Pendiente Entrega,Pendiente de Picking,NET_JQUINECHEB,SIM,1 sept 2026,null,null,No,ABIERTAS,null,Monolínea,Mono_item,Lima - Callao,null
La Molina,Netcall,1 sept 2026,9,914763852,91476385289511710111073796852,9283,Outbound,Portabilidad Postpago,EXPRESS,Logixtal,9001,ABIERTAS,Entregado,Entregado,TLV_NET_BCHAVEZ,SIM,1 sept 2026,null,null,No,ABIERTAS,null,Monolínea,Mono_item,Lima - Callao,null
La Molina,Netcall,1 sept 2026,9,914775284,91477528489511710111073796761,5299,Outbound,Portabilidad Postpago,EXPRESS,Logixtal,9001,ABIERTAS,Pendiente Entrega,Pendiente de Picking,NET_JBOZAC,SIM,1 sept 2026,null,null,No,ABIERTAS,null,Monolínea,Mono_item,Lima - Callao,null
La Esperanza,Netcall,1 sept 2026,9,914765912,91476591289511710101054449134,9271,Outbound,Portabilidad Postpago,EXPRESS,Logixtal,5023,ABIERTAS,Pendiente Entrega,Pendiente de Picking,NET_CREYESJ,SIM,1 sept 2026,null,null,No,ABIERTAS,null,Monolínea,Mono_item,La Libertad,null
La Convencion,Netcall,1 sept 2026,10,914781011,914781011Empty,9283,Outbound,Portabilidad Postpago,RETIRO EN TIENDA,Retiro en tienda,3215,ABIERTAS,Pendiente Entrega,Pendiente Entrega,NET_DGHERRERA,SIM,1 sept 2026,null,null,No,ABIERTAS,null,Multilínea,Mono_item,Cusco,null
La Convencion,Netcall,1 sept 2026,10,914780285,914780285Empty,9283,Outbound,Portabilidad Postpago,RETIRO EN TIENDA,Retiro en tienda,3215,ABIERTAS,Pendiente Entrega,Pendiente Entrega,NET_DGHERRERA,SIM,1 sept 2026,null,null,No,ABIERTAS,null,Multilínea,Mono_item,Cusco,null
La Convencion,Netcall,1 sept 2026,10,914781814,914781814Empty,9283,Outbound,Portabilidad Postpago,RETIRO EN TIENDA,Retiro en tienda,3215,ABIERTAS,Pendiente Entrega,Pendiente Entrega,NET_DGHERRERA,SIM,1 sept 2026,null,null,No,ABIERTAS,null,Multilínea,Mono_item,Cusco,null
Junin,Netcall,1 sept 2026,9,914763279,914763279Empty,9283,Outbound,Portabilidad Postpago,RETIRO EN TIENDA,Retiro en tienda,3013,ABIERTAS,Pendiente Entrega,Pendiente Entrega,NET_ACREGALADO,SIM,1 sept 2026,null,null,No,ABIERTAS,null,Monolínea,Mono_item,Junin,null
Junin,Netcall,1 sept 2026,9,914757358,914757358Empty,9283,Outbound,Portabilidad Postpago,RETIRO EN TIENDA,Retiro en tienda,7229,ABIERTAS,Pendiente Entrega,Pendiente Entrega,NET_MCASTILLOC,SIM,1 sept 2026,null,null,No,ABIERTAS,null,Monolínea,Mono_item,Junin,null
Junin,Netcall,1 sept 2026,10,914778824,914778824Empty,9283,Outbound,Portabilidad Postpago,RETIRO EN TIENDA,Retiro en tienda,3013,ABIERTAS,Pendiente Entrega,Pendiente Entrega,NET_MLFERNANDEV,SIM,1 sept 2026,null,null,No,ABIERTAS,null,Monolínea,Mono_item,Junin,null
Juliaca,Netcall,1 sept 2026,9,914773178,91477317889511710111070956988,9283,Outbound,Portabilidad Postpago,EXPRESS,Retiro en tienda,9351,ABIERTAS,Pendiente Entrega,Pendiente Entrega,NET_AAPOLAYACAC,SIM,1 sept 2026,null,null,No,ABIERTAS,null,Monolínea,Mono_item,Puno,null
Juliaca,Netcall,1 sept 2026,10,914779551,91477955189511710111070956947,9283,Outbound,Portabilidad Postpago,EXPRESS,Retiro en tienda,9351,ABIERTAS,Pendiente Entrega,Pendiente Entrega,NET_AAPOLAYACAC,SIM,1 sept 2026,null,null,No,ABIERTAS,null,Monolínea,Mono_item,Puno,null
Juliaca,Netcall,1 sept 2026,9,914772986,91477298689511710111070957135,9283,Outbound,Portabilidad Postpago,EXPRESS,Retiro en tienda,9351,ABIERTAS,Entregado,Entregado,NET_RCARDENASH,SIM,1 sept 2026,null,null,No,ABIERTAS,null,Multilínea,Mono_item,Puno,null
Juliaca,Netcall,1 sept 2026,8,914714537,91471453789511710111070957697,9283,Outbound,Portabilidad Postpago,EXPRESS,Retiro en tienda,9351,ABIERTAS,Pendiente Entrega,Pendiente Entrega,NET_SLAZOB,SIM,1 sept 2026,null,null,No,ABIERTAS,null,Monolínea,Mono_item,Puno,null
Juliaca,Netcall,1 sept 2026,9,914774148,91477414889511710111070957127,9283,Outbound,Portabilidad Postpago,EXPRESS,Retiro en tienda,9351,ABIERTAS,Entregado,Entregado,NET_RCARDENASH,SIM,1 sept 2026,null,null,No,ABIERTAS,null,Multilínea,Mono_item,Puno,null
Juliaca,Netcall,1 sept 2026,10,914777467,91477746789511710111070993635,9283,Outbound,Portabilidad Postpago,EXPRESS,Retiro en tienda,9351,ABIERTAS,Entregado,Entregado,NET_RTORRESB,SIM,1 sept 2026,null,null,No,ABIERTAS,null,Monolínea,Mono_item,Puno,null
Jose Luis Bustamante Y Rivero,Netcall,1 sept 2026,9,914766292,914766292Empty,9283,Outbound,Portabilidad Postpago,EXPRESS,Logixtal,5022,ABIERTAS,Pendiente Entrega,Pendiente de Picking,NET_HEULOGIO,SIM,1 sept 2026,null,null,No,ABIERTAS,null,Monolínea,Mono_item,Arequipa,null
Jose Leonardo Ortiz,Netcall,1 sept 2026,9,914772163,91477216389511710111068661152,9271,Outbound,Portabilidad Postpago,EXPRESS,Logixtal,5024,CANCELADAS,Pendiente Entrega,Pendiente de Picking,NET_FCASTILLOG,SIM,1 sept 2026,null,null,No,CANCELADAS,2026-09-01 10:57:24,Monolínea,Mono_item,Lambayeque,null
Jose Leonardo Ortiz,Netcall,1 sept 2026,10,914796377,914796377Empty,5299,Outbound,Venta Regular / Alta,EXPRESS,Logixtal,5024,ABIERTAS,Pendiente Entrega,Pendiente de Picking,NET_MCORDOVACRU,SIM,1 sept 2026,null,null,No,ABIERTAS,null,Monolínea,Mono_item,Lambayeque,null
Jose Leonardo Ortiz,Netcall,1 sept 2026,10,914792399,914792399Empty,9283,Outbound,Venta Regular / Alta,EXPRESS,Logixtal,5024,ABIERTAS,Pendiente Entrega,Pendiente de Picking,NET_CSALAZARP,SIM,1 sept 2026,null,null,No,ABIERTAS,null,Monolínea,Mono_item,Lambayeque,null
Jesus Maria,Netcall,1 sept 2026,10,914791925,914791925Empty,9283,Outbound,Portabilidad Postpago,PROGRAMADO,Logixtal,9001,ABIERTAS,Pendiente Entrega,Pendiente de Picking,NET_KEMENDOZAJ,SIM,3 sept 2026,null,null,No,ABIERTAS,null,Monolínea,Mono_item,Lima - Callao,null
Iquitos,Netcall,1 sept 2026,10,914795351,914795351Empty,9283,Outbound,Portabilidad Postpago,EXPRESS,Retiro en tienda,9355,ABIERTAS,Pendiente Entrega,Pendiente Entrega,NET_JLUCIANOT,SIM,1 sept 2026,null,null,No,ABIERTAS,null,Monolínea,Mono_item,Loreto,null
Iquitos,Netcall,1 sept 2026,9,914774463,914774463Empty,9283,Outbound,Portabilidad Postpago,EXPRESS,Retiro en tienda,9355,ABIERTAS,Pendiente Entrega,Pendiente Entrega,NET_AMANRIQUEC,SIM,1 sept 2026,null,null,No,ABIERTAS,null,Monolínea,Mono_item,Loreto,null
Iquitos,Netcall,1 sept 2026,9,914768958,91476895889511710101029851976,9283,Outbound,Portabilidad Postpago,EXPRESS,Retiro en tienda,9355,ABIERTAS,Entregado,Entregado,NET_KORTIZD,SIM,1 sept 2026,null,null,No,ABIERTAS,null,Monolínea,Mono_item,Loreto,null
Iquitos,Netcall,1 sept 2026,9,914760762,91476076289511710101029851984,9283,Outbound,Portabilidad Postpago,EXPRESS,Retiro en tienda,9355,ABIERTAS,Entregado,Entregado,NET_KORTIZD,SIM,1 sept 2026,null,null,No,ABIERTAS,null,Monolínea,Mono_item,Loreto,null
Independencia,Netcall,1 sept 2026,2,914600094,91460009489511710111073798734,9271,Outbound,Portabilidad Postpago,EXPRESS,Logixtal,9001,ABIERTAS,Entregado,Entregado,NET_CCAVEROA,SIM,1 sept 2026,null,null,No,ABIERTAS,null,Monolínea,Mono_item,Lima - Callao,null
Independencia,Netcall,1 sept 2026,10,914792811,91479281189511710121058305934,9283,Outbound,Portabilidad Postpago,EXPRESS,Retiro en tienda,9344,ABIERTAS,Pendiente Entrega,Pendiente Entrega,NET_SRODRIGUEZP,SIM,1 sept 2026,null,null,No,ABIERTAS,null,Multilínea,Mono_item,Ancash,null
Ica,Netcall,1 sept 2026,10,914779891,91477989189511710111070913419,9283,Outbound,Portabilidad Postpago,EXPRESS,Retiro en tienda,9345,ABIERTAS,Pendiente Entrega,Pendiente Entrega,NET_BCUSQUISIVA,SIM,1 sept 2026,null,null,No,ABIERTAS,null,Monolínea,Mono_item,Ica,null
Ica,Netcall,1 sept 2026,10,914786995,914786995Empty,9283,Outbound,Portabilidad Postpago,RETIRO EN TIENDA,Retiro en tienda,7161,ABIERTAS,Pendiente Entrega,Pendiente Entrega,NET_LCASTILLORI,SIM,1 sept 2026,null,null,No,ABIERTAS,null,Multilínea,Mono_item,Ica,null
Ica,Netcall,1 sept 2026,10,914786343,914786343Empty,9283,Outbound,Portabilidad Postpago,RETIRO EN TIENDA,Retiro en tienda,1009,ABIERTAS,Pendiente Entrega,Pendiente Entrega,NET_SDIAZO,SIM,1 sept 2026,null,null,No,ABIERTAS,null,Monolínea,Mono_item,Ica,null
Ica,Netcall,1 sept 2026,10,914786646,914786646Empty,9283,Outbound,Portabilidad Postpago,RETIRO EN TIENDA,Retiro en tienda,7161,ABIERTAS,Pendiente Entrega,Pendiente Entrega,NET_LCASTILLORI,SIM,1 sept 2026,null,null,No,ABIERTAS,null,Multilínea,Mono_item,Ica,null
Huarmey,Netcall,1 sept 2026,10,914786518,914786518Empty,9283,Outbound,Portabilidad Postpago,RETIRO EN TIENDA,Retiro en tienda,7169,ABIERTAS,Pendiente Entrega,Pendiente Entrega,NET_PSANCHEZE,SIM,1 sept 2026,null,null,No,ABIERTAS,null,Multilínea,Mono_item,Ancash,null
Huarmey,Netcall,1 sept 2026,10,914782955,914782955Empty,9283,Outbound,Portabilidad Postpago,RETIRO EN TIENDA,Retiro en tienda,7169,ABIERTAS,Pendiente Entrega,Pendiente Entrega,NET_PSANCHEZE,SIM,1 sept 2026,null,null,No,ABIERTAS,null,Multilínea,Mono_item,Ancash,null
Huarmey,Netcall,1 sept 2026,10,914788480,914788480Empty,9283,Outbound,Portabilidad Postpago,RETIRO EN TIENDA,Retiro en tienda,7169,ABIERTAS,Pendiente Entrega,Pendiente Entrega,NET_PSANCHEZE,SIM,1 sept 2026,null,null,No,ABIERTAS,null,Multilínea,Mono_item,Ancash,null
Huaraz,Netcall,1 sept 2026,10,914779434,914779434Empty,9283,Outbound,Portabilidad Postpago,PROGRAMADO,Retiro en tienda,9344,ABIERTAS,Pendiente Entrega,Pendiente Entrega,NET_SBENITOV,SIM,2 sept 2026,null,null,No,ABIERTAS,null,Monolínea,Mono_item,Ancash,null
Huanuco,Netcall,1 sept 2026,8,914745060,91474506089511710111069293211,9271,Outbound,Portabilidad Postpago,EXPRESS,Retiro en tienda,9353,ABIERTAS,Entregado,Entregado,TLV_NET_MAYALAM,SIM,1 sept 2026,null,null,No,ABIERTAS,null,Monolínea,Mono_item,Huanuco,null
Huanuco,Netcall,1 sept 2026,9,914768649,91476864989511710111069293203,9283,Outbound,Portabilidad Postpago,EXPRESS,Retiro en tienda,9353,ABIERTAS,Pendiente Entrega,Pendiente Entrega,NET_SDIAZO,SIM,1 sept 2026,null,null,No,ABIERTAS,null,Monolínea,Mono_item,Huanuco,null
Huanuco,Netcall,1 sept 2026,10,914789373,914789373Empty,9283,Outbound,Portabilidad Postpago,EXPRESS,Retiro en tienda,9353,ABIERTAS,Pendiente Entrega,Pendiente Entrega,NET_MFERRER,SIM,1 sept 2026,null,null,No,ABIERTAS,null,Multilínea,Mono_item,Huanuco,null
Huanuco,Netcall,1 sept 2026,10,914788463,914788463Empty,9283,Outbound,Portabilidad Postpago,EXPRESS,Retiro en tienda,9353,ABIERTAS,Pendiente Entrega,Pendiente Entrega,NET_MFERRER,SIM,1 sept 2026,null,null,No,ABIERTAS,null,Multilínea,Mono_item,Huanuco,null
Huancayo,Netcall,1 sept 2026,10,914790471,914790471Empty,9283,Outbound,Portabilidad Postpago,EXPRESS,Retiro en tienda,9346,ABIERTAS,Pendiente Entrega,Pendiente Entrega,NET_NRUBIOMARCO,SIM,1 sept 2026,null,null,No,ABIERTAS,null,Monolínea,Mono_item,Junin,null
Huancayo,Netcall,1 sept 2026,10,914778349,91477834989511710111070928334,9283,Outbound,Portabilidad Postpago,EXPRESS,Retiro en tienda,9346,ABIERTAS,Pendiente Entrega,Pendiente Entrega,NET_BZUASNABARF,SIM,2 sept 2026,null,null,No,ABIERTAS,null,Monolínea,Mono_item,Junin,null
Huancayo,Netcall,1 sept 2026,9,914771640,91477164089511710111070942996,9283,Outbound,Portabilidad Postpago,EXPRESS,Retiro en tienda,9346,ABIERTAS,Entregado,Entregado,NET_ADOMINGUEZF,SIM,1 sept 2026,null,null,No,ABIERTAS,null,Monolínea,Mono_item,Junin,null
Huancayo,Netcall,1 sept 2026,9,914770321,91477032189511710111070944224,9289,Outbound,Portabilidad Postpago,EXPRESS,Retiro en tienda,9346,ABIERTAS,Entregado,Entregado,TLV_NET_MLANDAR,SIM,1 sept 2026,null,null,No,ABIERTAS,null,Monolínea,Mono_item,Junin,null
Huancan,Netcall,1 sept 2026,8,914740098,91474009889511710111070925256,9283,Outbound,Portabilidad Postpago,EXPRESS,Retiro en tienda,9346,ABIERTAS,Entregado,Entregado,NET_DMORENOL,SIM,1 sept 2026,null,null,No,ABIERTAS,null,Monolínea,Mono_item,Junin,null
Florencia De Mora,Netcall,1 sept 2026,8,914730761,91473076189511710101054449159,9283,Outbound,Portabilidad Postpago,EXPRESS,Logixtal,5023,ABIERTAS,Entregado,Entregado,NET_MCHAVEZV,SIM,1 sept 2026,null,null,No,ABIERTAS,null,Monolínea,Mono_item,La Libertad,null
El Tambo,Netcall,1 sept 2026,9,914772554,91477255489511710111070928128,9283,Outbound,Portabilidad Postpago,EXPRESS,Retiro en tienda,9346,CANCELADAS,Cancelado,Cancelado,NET_SMENDOZAV,SIM,1 sept 2026,null,null,No,CANCELADAS,2026-09-01 10:10:40,Monolínea,Mono_item,Junin,null
El Tambo,Netcall,1 sept 2026,9,914764766,91476476689511710121058291811,9283,Outbound,Portabilidad Postpago,EXPRESS,Retiro en tienda,9346,ABIERTAS,Entregado,Entregado,NET_DFRANCIAH,SIM,1 sept 2026,null,null,No,ABIERTAS,null,Monolínea,Mono_item,Junin,null
El Porvenir,Netcall,1 sept 2026,10,914776651,91477665189511710111068570684,9283,Outbound,Portabilidad Postpago,EXPRESS,Logixtal,5023,ABIERTAS,Entregado,Entregado,NET_GVILELAR,SIM,1 sept 2026,null,null,No,ABIERTAS,null,Monolínea,Mono_item,La Libertad,null
El Porvenir,Netcall,1 sept 2026,9,914763092,91476309289511710111068570692,9271,Outbound,Portabilidad Postpago,EXPRESS,Logixtal,5023,CANCELADAS,Pendiente Entrega,Pendiente de Picking,NET_BATOP,SIM,1 sept 2026,null,null,No,CANCELADAS,2026-09-01 10:17:23,Monolínea,Mono_item,La Libertad,null
El Agustino,Netcall,1 sept 2026,0,914593910,91459391089511710111071531111,9283,Outbound,Portabilidad Postpago,EXPRESS,Logixtal,9001,ABIERTAS,Pendiente Entrega,Pendiente de Picking,NET_MMREVILLA,SIM,1 sept 2026,null,null,No,ABIERTAS,null,Monolínea,Mono_item,Lima - Callao,null
El Agustino,Netcall,1 sept 2026,9,914775744,914775744Empty,9283,Outbound,Portabilidad Postpago,EXPRESS,Logixtal,9001,ABIERTAS,Pendiente Entrega,Pendiente de Picking,NET_PWEILLH,SIM,1 sept 2026,null,null,No,ABIERTAS,null,Monolínea,Mono_item,Lima - Callao,null
El Agustino,Netcall,1 sept 2026,10,914776688,91477668889511710111071531012,9271,Outbound,Portabilidad Postpago,EXPRESS,Logixtal,9001,ABIERTAS,Entregado,Entregado,NET_CGRANADOSC,SIM,1 sept 2026,null,null,No,ABIERTAS,null,Monolínea,Mono_item,Lima - Callao,null
Cusco,Netcall,1 sept 2026,9,914759596,91475959689511710101047255622,9283,Outbound,Portabilidad Postpago,EXPRESS,Retiro en tienda,9343,CANCELADAS,Cancelado,Cancelado,NET_MQUISPEH,SIM,1 sept 2026,null,null,No,CANCELADAS,2026-09-01 10:49:12,Monolínea,Mono_item,Cusco,null
Cusco,Netcall,1 sept 2026,7,914693561,914693561Empty,9283,Outbound,Portabilidad Postpago,RETIRO EN TIENDA,Retiro en tienda,1006,ABIERTAS,Pendiente Entrega,Pendiente Entrega,NET_JIYASHAMAR,SIM,1 sept 2026,null,null,No,ABIERTAS,null,Multilínea,Mono_item,Cusco,null
Cusco,Netcall,1 sept 2026,7,914670019,914670019Empty,9283,Outbound,Portabilidad Postpago,RETIRO EN TIENDA,Retiro en tienda,1006,ABIERTAS,Pendiente Entrega,Pendiente Entrega,NET_JIYASHAMAR,SIM,1 sept 2026,null,null,No,ABIERTAS,null,Multilínea,Mono_item,Cusco,null
Cusco,Netcall,1 sept 2026,7,914683751,914683751Empty,9283,Outbound,Portabilidad Postpago,RETIRO EN TIENDA,Retiro en tienda,1006,ABIERTAS,Pendiente Entrega,Pendiente Entrega,NET_JIYASHAMAR,SIM,1 sept 2026,null,null,No,ABIERTAS,null,Multilínea,Mono_item,Cusco,null
Cusco,Netcall,1 sept 2026,10,914788809,914788809Empty,9283,Outbound,Portabilidad Postpago,EXPRESS,Retiro en tienda,9343,ABIERTAS,Pendiente Entrega,Pendiente Entrega,NET_JTORRESQ,SIM,1 sept 2026,null,null,No,ABIERTAS,null,Monolínea,Mono_item,Cusco,null
Cusco,Netcall,1 sept 2026,7,914689203,914689203Empty,9283,Outbound,Portabilidad Postpago,RETIRO EN TIENDA,Retiro en tienda,1006,ABIERTAS,Pendiente Entrega,Pendiente Entrega,NET_JIYASHAMAR,SIM,1 sept 2026,null,null,No,ABIERTAS,null,Multilínea,Mono_item,Cusco,null
Coronel Portillo,Netcall,1 sept 2026,9,914770399,914770399Empty,9283,Outbound,Portabilidad Postpago,RETIRO EN TIENDA,Retiro en tienda,3031,ABIERTAS,Pendiente Entrega,Pendiente Entrega,NET_ACHAPONANZ,SIM,1 sept 2026,null,null,No,ABIERTAS,null,Monolínea,Mono_item,Ucayali,null
Coronel Gregorio Albarracin Lanchipa,Netcall,1 sept 2026,10,914790778,914790778Empty,9283,Outbound,Portabilidad Postpago,EXPRESS,Retiro en tienda,9348,ABIERTAS,Pendiente Entrega,Pendiente Entrega,NET_JLUCIANOT,SIM,1 sept 2026,null,null,No,ABIERTAS,null,Monolínea,Mono_item,Tacna,null
Coronel Gregorio Albarracin Lanchipa,Netcall,1 sept 2026,10,914786756,914786756Empty,9283,Outbound,Portabilidad Postpago,EXPRESS,Retiro en tienda,9348,ABIERTAS,Pendiente Entrega,Pendiente Entrega,NET_EMACHEROT,SIM,1 sept 2026,null,null,No,ABIERTAS,null,Multilínea,Mono_item,Tacna,null
Coronel Gregorio Albarracin Lanchipa,Netcall,1 sept 2026,10,914788089,914788089Empty,9283,Outbound,Portabilidad Postpago,EXPRESS,Retiro en tienda,9348,ABIERTAS,Pendiente Entrega,Pendiente Entrega,NET_EMACHEROT,SIM,1 sept 2026,null,null,No,ABIERTAS,null,Multilínea,Mono_item,Tacna,null
Coronel Gregorio Albarracin Lanchipa,Netcall,1 sept 2026,9,914768243,91476824389511710101051059290,9283,Outbound,Portabilidad Postpago,EXPRESS,Retiro en tienda,9348,ABIERTAS,Entregado,Entregado,NET_MCASTILLOC,SIM,1 sept 2026,null,null,No,ABIERTAS,null,Monolínea,Mono_item,Tacna,null
Coronel Gregorio Albarracin Lanchipa,Netcall,1 sept 2026,9,914772719,91477271989511710101051059316,9283,Outbound,Portabilidad Postpago,EXPRESS,Retiro en tienda,9348,ABIERTAS,Pendiente Entrega,Pendiente Entrega,TLV_NET_GJQUISP,SIM,1 sept 2026,null,null,No,ABIERTAS,null,Monolínea,Mono_item,Tacna,null
Comas,Netcall,1 sept 2026,8,914750686,91475068689511710111073730067,9283,Outbound,Portabilidad Postpago,EXPRESS,Logixtal,9001,ABIERTAS,Pendiente Entrega,Pendiente de Picking,NET_SLAZOB,SIM,1 sept 2026,null,null,No,ABIERTAS,null,Monolínea,Mono_item,Lima - Callao,null
Comas,Netcall,1 sept 2026,9,914758516,91475851689511710111073797827,9283,Outbound,Portabilidad Postpago,EXPRESS,Logixtal,9001,ABIERTAS,Pendiente Entrega,Pendiente de Picking,NET_SSALAZARV,SIM,1 sept 2026,null,null,No,ABIERTAS,null,Monolínea,Mono_item,Lima - Callao,null
Ciudad Nueva,Netcall,1 sept 2026,8,914739916,91473991689511710111069172043,9283,Outbound,Portabilidad Postpago,EXPRESS,Retiro en tienda,9348,ABIERTAS,Pendiente Entrega,Pendiente Entrega,TLV_NET_DVALOI,SIM,1 sept 2026,null,null,No,ABIERTAS,null,Monolínea,Mono_item,Tacna,null
Chorrillos,Netcall,1 sept 2026,10,914792018,914792018Empty,9283,Outbound,Portabilidad Postpago,EXPRESS,Logixtal,9342,ABIERTAS,Pendiente Entrega,Pendiente de Picking,NET_LCAMPOSCABR,SIM,1 sept 2026,null,null,No,ABIERTAS,null,Monolínea,Mono_item,Lima - Callao,null
Chincha Alta,Netcall,1 sept 2026,9,914773302,914773302Empty,9271,Outbound,Portabilidad Postpago,EXPRESS,Retiro en tienda,9345,ABIERTAS,Pendiente Entrega,Pendiente Entrega,NET_HJUNCOT,SIM,1 sept 2026,null,null,No,ABIERTAS,null,Monolínea,Mono_item,Ica,null
Chincha Alta,Netcall,1 sept 2026,9,914767552,914767552Empty,9283,Outbound,Portabilidad Postpago,EXPRESS,Retiro en tienda,9345,ABIERTAS,Pendiente Entrega,Pendiente Entrega,NET_ECARRETEROH,SIM,1 sept 2026,null,null,No,ABIERTAS,null,Monolínea,Mono_item,Ica,null
Chimbote,Netcall,1 sept 2026,10,914792093,914792093Empty,9283,Outbound,Portabilidad Postpago,EXPRESS,Retiro en tienda,9344,ABIERTAS,Pendiente Entrega,Pendiente Entrega,NET_MORIHUELAQ,SIM,1 sept 2026,null,null,No,ABIERTAS,null,Monolínea,Mono_item,Ancash,null
Chimbote,Netcall,1 sept 2026,9,914775741,914775741Empty,9283,Outbound,Portabilidad Postpago,EXPRESS,Retiro en tienda,9344,ABIERTAS,Pendiente Entrega,Pendiente Entrega,NET_YCHAVEZ,SIM,1 sept 2026,null,null,No,ABIERTAS,null,Multilínea,Mono_item,Ancash,null
Chimbote,Netcall,1 sept 2026,9,914762603,91476260389511710111069195861,9283,Outbound,Portabilidad Postpago,EXPRESS,Retiro en tienda,9344,ABIERTAS,Pendiente Entrega,Pendiente Entrega,NET_HEULOGIO,SIM,1 sept 2026,null,null,No,ABIERTAS,null,Monolínea,Mono_item,Ancash,null
Chimbote,Netcall,1 sept 2026,9,914774772,914774772Empty,9283,Outbound,Portabilidad Postpago,EXPRESS,Retiro en tienda,9344,ABIERTAS,Pendiente Entrega,Pendiente Entrega,NET_YCHAVEZ,SIM,1 sept 2026,null,null,No,ABIERTAS,null,Multilínea,Mono_item,Ancash,null
Chilca,Netcall,1 sept 2026,8,914752377,91475237789511710121058288841,9283,Outbound,Portabilidad Postpago,EXPRESS,Retiro en tienda,9346,ABIERTAS,Entregado,Entregado,NET_BROMANS,SIM,1 sept 2026,null,null,No,ABIERTAS,null,Monolínea,Mono_item,Junin,null
Chilca,Netcall,1 sept 2026,8,914747040,91474704089511710111070925017,9283,Outbound,Portabilidad Postpago,EXPRESS,Retiro en tienda,9346,ABIERTAS,Entregado,Entregado,NET_BROMANS,SIM,1 sept 2026,null,null,No,ABIERTAS,null,Monolínea,Mono_item,Junin,null
Chilca,Netcall,1 sept 2026,10,914793163,914793163Empty,9283,Outbound,Portabilidad Postpago,PROGRAMADO,Retiro en tienda,9346,ABIERTAS,Pendiente Entrega,Pendiente Entrega,NET_CCOBENAM,SIM,2 sept 2026,null,null,No,ABIERTAS,null,Multilínea,Mono_item,Junin,null
Chilca,Netcall,1 sept 2026,10,914794998,914794998Empty,9283,Outbound,Portabilidad Postpago,PROGRAMADO,Retiro en tienda,9346,ABIERTAS,Pendiente Entrega,Pendiente Entrega,NET_CCOBENAM,SIM,2 sept 2026,null,null,No,ABIERTAS,null,Multilínea,Mono_item,Junin,null
Chilca,Netcall,1 sept 2026,10,914783382,914783382Empty,9283,Outbound,Portabilidad Postpago,EXPRESS,Retiro en tienda,9346,ABIERTAS,Pendiente Entrega,Pendiente Entrega,NET_WBENITESA,SIM,1 sept 2026,null,null,No,ABIERTAS,null,Monolínea,Mono_item,Junin,null
Chilca,Netcall,1 sept 2026,10,914788655,91478865589511710111070925306,9283,Outbound,Portabilidad Postpago,EXPRESS,Retiro en tienda,9346,ABIERTAS,Pendiente Entrega,Pendiente Entrega,NET_YACHOM,SIM,1 sept 2026,null,null,No,ABIERTAS,null,Monolínea,Mono_item,Junin,null
Chiclayo,Netcall,1 sept 2026,10,914779820,914779820Empty,9283,Outbound,Portabilidad Postpago,EXPRESS,Logixtal,5024,ABIERTAS,Pendiente Entrega,Pendiente de Picking,NET_KCARRENOV,SIM,1 sept 2026,null,null,No,ABIERTAS,null,Monolínea,Mono_item,Lambayeque,null
Chiclayo,Netcall,1 sept 2026,10,914782090,914782090Empty,9283,Outbound,Portabilidad Postpago,RETIRO EN TIENDA,Retiro en tienda,3036,ABIERTAS,Pendiente Entrega,Pendiente Entrega,NET_BBELLIDOP,SIM,1 sept 2026,null,null,No,ABIERTAS,null,Monolínea,Mono_item,Lambayeque,null
Chiclayo,Netcall,1 sept 2026,10,914793932,91479393289511710111068664636,9283,Outbound,Portabilidad Postpago,EXPRESS,Logixtal,5024,ABIERTAS,Pendiente Entrega,Pendiente de Picking,TLV_NET_DSANC,SIM,1 sept 2026,null,null,No,ABIERTAS,null,Monolínea,Mono_item,Lambayeque,null
Chaupimarca,Netcall,1 sept 2026,9,914772870,914772870Empty,9283,Outbound,Portabilidad Postpago,EXPRESS,Retiro en tienda,3115,ABIERTAS,Pendiente Entrega,Pendiente Entrega,TLV_NET_CURCIAR,SIM,1 sept 2026,null,null,No,ABIERTAS,null,Monolínea,Mono_item,Pasco,null
Chaupimarca,Netcall,1 sept 2026,9,914770001,914770001Empty,9283,Outbound,Portabilidad Postpago,EXPRESS,Retiro en tienda,3115,ABIERTAS,Pendiente Entrega,Pendiente Entrega,NET_YCASTILLOO,SIM,1 sept 2026,null,null,No,ABIERTAS,null,Monolínea,Mono_item,Pasco,null
Chaclacayo,Netcall,1 sept 2026,9,914775420,91477542089511710111068534722,9283,Outbound,Portabilidad Postpago,PROGRAMADO,Logixtal,9001,ABIERTAS,Pendiente Entrega,Pendiente de Picking,NET_MCVASQUEZ,SIM,2 sept 2026,null,null,No,ABIERTAS,null,Monolínea,Mono_item,Lima - Callao,null
Chaclacayo,Netcall,1 sept 2026,10,914778903,91477890389511710111069611487,9271,Outbound,Portabilidad Postpago,PROGRAMADO,Logixtal,9001,ABIERTAS,Pendiente Entrega,Pendiente de Picking,NET_KANGELESS,SIM,2 sept 2026,null,null,No,ABIERTAS,null,Multilínea,Mono_item,Lima - Callao,null
Chaclacayo,Netcall,1 sept 2026,10,914778026,91477802689511710111073791697,9271,Outbound,Portabilidad Postpago,PROGRAMADO,Logixtal,9001,ABIERTAS,Pendiente Entrega,Pendiente de Picking,NET_KANGELESS,SIM,2 sept 2026,null,null,No,ABIERTAS,null,Multilínea,Mono_item,Lima - Callao,null
Chachapoyas,Netcall,1 sept 2026,10,914795600,914795600Empty,9283,Outbound,Portabilidad Postpago,RETIRO EN TIENDA,Retiro en tienda,3008,ABIERTAS,Pendiente Entrega,Pendiente Entrega,NET_ANCASTROR,SIM,1 sept 2026,null,null,No,ABIERTAS,null,Monolínea,Mono_item,Amazonas,null
Chachapoyas,Netcall,1 sept 2026,8,914739410,914739410Empty,9283,Outbound,Portabilidad Postpago,RETIRO EN TIENDA,Retiro en tienda,3008,ABIERTAS,Pendiente Entrega,Pendiente Entrega,NET_SLAZOB,SIM,1 sept 2026,null,null,No,ABIERTAS,null,Monolínea,Mono_item,Amazonas,null
Chachapoyas,Netcall,1 sept 2026,9,914769211,91476921189511710101045274294,9283,Outbound,Venta Regular / Alta,EXPRESS,Retiro en tienda,9357,ABIERTAS,Pendiente Entrega,Pendiente Entrega,NET_LMANRIQUED,SIM,1 sept 2026,null,null,No,ABIERTAS,null,Monolínea,Mono_item,Amazonas,null
Cerro Colorado,Netcall,1 sept 2026,10,914782072,914782072Empty,9283,Outbound,Portabilidad Postpago,EXPRESS,Logixtal,5022,ABIERTAS,Pendiente Entrega,Pendiente de Picking,NET_JLUCIANOT,SIM,1 sept 2026,null,null,No,ABIERTAS,null,Monolínea,Mono_item,Arequipa,null
Cerro Colorado,Netcall,1 sept 2026,9,914763210,91476321089511710111070748351,9283,Outbound,Portabilidad Postpago,EXPRESS,Logixtal,5022,ABIERTAS,Pendiente Entrega,Pendiente de Picking,TLV_NET_JSOTOZ,SIM,1 sept 2026,null,null,No,ABIERTAS,null,Monolínea,Mono_item,Arequipa,null
Cerro Colorado,Netcall,1 sept 2026,9,914771100,914771100Empty,9283,Outbound,Portabilidad Postpago,EXPRESS,Logixtal,5022,CANCELADAS,Pendiente Entrega,Pendiente de Picking,NET_LCAMPOSCABR,SIM,1 sept 2026,null,null,No,CANCELADAS,2026-09-01 09:42:28,Multilínea,Mono_item,Arequipa,null
Cerro Colorado,Netcall,1 sept 2026,9,914773022,914773022Empty,9283,Outbound,Portabilidad Postpago,EXPRESS,Logixtal,5022,ABIERTAS,Pendiente Entrega,Pendiente de Picking,NET_LCAMPOSCABR,SIM,1 sept 2026,null,null,No,ABIERTAS,null,Multilínea,Mono_item,Arequipa,null
Cerro Colorado,Netcall,1 sept 2026,9,914767995,91476799589511710111070748377,9283,Outbound,Portabilidad Postpago,EXPRESS,Logixtal,5022,CANCELADAS,Pendiente Entrega,Pendiente de Picking,TLV_NET_JSOTOZ,SIM,1 sept 2026,null,null,No,CANCELADAS,2026-09-01 11:15:13,Multilínea,Mono_item,Arequipa,null
Cerro Colorado,Netcall,1 sept 2026,9,914768992,91476899289511710111070748385,9283,Outbound,Portabilidad Postpago,EXPRESS,Logixtal,5022,ABIERTAS,Pendiente Entrega,Pendiente de Picking,TLV_NET_JSOTOZ,SIM,1 sept 2026,null,null,No,ABIERTAS,null,Multilínea,Mono_item,Arequipa,null
Cerro Colorado,Netcall,1 sept 2026,10,914777838,914777838Empty,9271,Outbound,Portabilidad Postpago,PROGRAMADO,Logixtal,5022,ABIERTAS,Pendiente Entrega,Pendiente de Picking,NET_DMALCAD,SIM,2 sept 2026,null,null,No,ABIERTAS,null,Monolínea,Mono_item,Arequipa,null
Castilla,Netcall,1 sept 2026,7,914669840,91466984089511710111070535477,9283,Outbound,Portabilidad Postpago,EXPRESS,Logixtal,5021,ABIERTAS,Pendiente Entrega,Pendiente de Picking,NET_KROJASNAUPA,SIM,1 sept 2026,null,null,No,ABIERTAS,null,Monolínea,Mono_item,Piura,null
Castilla,Netcall,1 sept 2026,11,914797744,914797744Empty,9283,Outbound,Portabilidad Postpago,EXPRESS,Logixtal,5021,ABIERTAS,Pendiente Entrega,Pendiente de Picking,NET_GMENDIGUETE,SIM,1 sept 2026,null,null,No,ABIERTAS,null,Monolínea,Mono_item,Piura,null
Castilla,Netcall,1 sept 2026,7,914697744,91469774489511710111070535410,9283,Outbound,Portabilidad Postpago,EXPRESS,Logixtal,5021,ABIERTAS,Entregado,Entregado,NET_SRAMOSC,SIM,1 sept 2026,null,null,No,ABIERTAS,null,Monolínea,Mono_item,Piura,null
Castilla,Netcall,1 sept 2026,7,914697744,91469774489511710111070535378,9283,Outbound,Portabilidad Postpago,EXPRESS,Logixtal,5021,ABIERTAS,Entregado,Entregado,NET_SRAMOSC,SIM,1 sept 2026,null,null,No,ABIERTAS,null,Monolínea,Mono_item,Piura,null
Castilla,Netcall,1 sept 2026,7,914697744,91469774489511710111070535469,9283,Outbound,Portabilidad Postpago,EXPRESS,Logixtal,5021,ABIERTAS,Entregado,Entregado,NET_SRAMOSC,SIM,1 sept 2026,null,null,No,ABIERTAS,null,Monolínea,Mono_item,Piura,null
Carabayllo,Netcall,1 sept 2026,10,914787276,914787276Empty,9283,Outbound,Portabilidad Postpago,EXPRESS,Logixtal,9001,ABIERTAS,Pendiente Entrega,Pendiente de Picking,NET_VMEJIAC,SIM,1 sept 2026,null,null,No,ABIERTAS,null,Multilínea,Mono_item,Lima - Callao,null
Carabayllo,Netcall,1 sept 2026,9,914768353,91476835389511710111073972537,9283,Outbound,Portabilidad Postpago,EXPRESS,Logixtal,9001,ABIERTAS,Entregado,Entregado,NET_CIOLAYAR,SIM,1 sept 2026,null,null,No,ABIERTAS,null,Monolínea,Mono_item,Lima - Callao,null
Carabayllo,Netcall,1 sept 2026,10,914788624,914788624Empty,9283,Outbound,Portabilidad Postpago,EXPRESS,Logixtal,9001,ABIERTAS,Pendiente Entrega,Pendiente de Picking,NET_VMEJIAC,SIM,1 sept 2026,null,null,No,ABIERTAS,null,Multilínea,Mono_item,Lima - Callao,null
Carabayllo,Netcall,1 sept 2026,10,914790163,914790163Empty,9283,Outbound,Portabilidad Postpago,EXPRESS,Logixtal,9001,CANCELADAS,Pendiente Entrega,Pendiente de Picking,NET_AARNAIZA,SIM,1 sept 2026,null,null,No,CANCELADAS,2026-09-01 10:42:09,Monolínea,Mono_item,Lima - Callao,null
Carabayllo,Netcall,1 sept 2026,9,914761385,914761385Empty,9283,Outbound,Portabilidad Postpago,EXPRESS,Logixtal,9001,CANCELADAS,Pendiente Entrega,Pendiente de Picking,NET_ABARRERAY,SIM,1 sept 2026,null,null,No,CANCELADAS,2026-09-01 09:07:11,Multilínea,Mono_item,Lima - Callao,null
Calleria,Netcall,1 sept 2026,10,914796230,914796230Empty,9283,Outbound,Portabilidad Postpago,EXPRESS,Retiro en tienda,9349,ABIERTAS,Pendiente Entrega,Pendiente Entrega,TLV_NET_MFARFAN,SIM,1 sept 2026,null,null,No,ABIERTAS,null,Monolínea,Mono_item,Ucayali,null
Cajamarca,Netcall,1 sept 2026,9,914768590,914768590Empty,9283,Outbound,Portabilidad Postpago,RETIRO EN TIENDA,Retiro en tienda,7147,ABIERTAS,Pendiente Entrega,Pendiente Entrega,NET_MFERRER,SIM,1 sept 2026,null,null,No,ABIERTAS,null,Monolínea,Mono_item,Cajamarca,null
Cajamarca,Netcall,1 sept 2026,10,914784285,914784285Empty,9283,Outbound,Portabilidad Postpago,EXPRESS,Retiro en tienda,9350,ABIERTAS,Pendiente Entrega,Pendiente Entrega,TLV_NET_BRAMIRE,SIM,1 sept 2026,null,null,No,ABIERTAS,null,Monolínea,Mono_item,Cajamarca,null
Cajamarca,Netcall,1 sept 2026,10,914777875,914777875Empty,9283,Outbound,Portabilidad Postpago,RETIRO EN TIENDA,Retiro en tienda,7147,ABIERTAS,Pendiente Entrega,Pendiente Entrega,NET_MUBILLUSR,SIM,1 sept 2026,null,null,No,ABIERTAS,null,Monolínea,Mono_item,Cajamarca,null
Cajamarca,Netcall,1 sept 2026,10,914778940,91477894089511710121058176103,9283,Outbound,Portabilidad Postpago,EXPRESS,Retiro en tienda,9350,ABIERTAS,Entregado,Entregado,NET_ACORDOVAS,SIM,1 sept 2026,null,null,No,ABIERTAS,null,Monolínea,Mono_item,Cajamarca,null
Cajamarca,Netcall,1 sept 2026,9,914760727,91476072789511710121058178653,9283,Outbound,Portabilidad Postpago,EXPRESS,Retiro en tienda,9350,ABIERTAS,Pendiente Entrega,Pendiente Entrega,TLV_NET_LVILLLA,SIM,2 sept 2026,null,null,No,ABIERTAS,null,Monolínea,Mono_item,Cajamarca,null
Barranco,Netcall,1 sept 2026,8,914744098,91474409889511710101029992663,9283,Outbound,Portabilidad Postpago,EXPRESS,Logixtal,9342,ABIERTAS,Entregado,Entregado,NET_GDELGADO,SIM,1 sept 2026,null,null,No,ABIERTAS,null,Monolínea,Mono_item,Lima - Callao,null
Barranca,Netcall,1 sept 2026,10,914785696,914785696Empty,9283,Outbound,Portabilidad Postpago,EXPRESS,Logixtal,9001,ABIERTAS,Pendiente Entrega,Pendiente de Picking,NET_SSUAREZG,SIM,1 sept 2026,null,null,No,ABIERTAS,null,Monolínea,Mono_item,Lima - Callao,null
Ate,Netcall,1 sept 2026,9,914773354,91477335489511710111071519793,9283,Outbound,Portabilidad Postpago,EXPRESS,Logixtal,9001,ABIERTAS,Pendiente Entrega,Pendiente de Picking,NET_TMUNOZCALDE,SIM,1 sept 2026,null,null,No,ABIERTAS,null,Monolínea,Mono_item,Lima - Callao,null
Ate,Netcall,1 sept 2026,9,914772371,91477237189511710101029955934,9283,Outbound,Portabilidad Postpago,EXPRESS,Logixtal,9001,ABIERTAS,Pendiente Entrega,Pendiente de Picking,NET_MDIAZP,SIM,1 sept 2026,null,null,No,ABIERTAS,null,Monolínea,Mono_item,Lima - Callao,null
Ate,Netcall,1 sept 2026,9,914764670,91476467089511710111073947539,9283,Outbound,Portabilidad Postpago,EXPRESS,Logixtal,9001,ABIERTAS,Pendiente Entrega,Pendiente de Picking,NET_EMONZONP,SIM,1 sept 2026,null,null,No,ABIERTAS,null,Monolínea,Mono_item,Lima - Callao,null
Ate,Netcall,1 sept 2026,10,914791945,914791945Empty,9283,Outbound,Portabilidad Postpago,EXPRESS,Logixtal,9001,ABIERTAS,Pendiente Entrega,Pendiente de Picking,NET_GSILVAJ,SIM,1 sept 2026,null,null,No,ABIERTAS,null,Monolínea,Mono_item,Lima - Callao,null
Ate,Netcall,1 sept 2026,9,914774523,91477452389511710111073921575,9283,Outbound,Portabilidad Postpago,EXPRESS,Logixtal,9001,CANCELADAS,Pendiente Entrega,Pendiente de Picking,NET_SAVILAC,SIM,1 sept 2026,null,null,No,CANCELADAS,2026-09-01 10:14:34,Monolínea,Mono_item,Lima - Callao,null
Ascope,Netcall,1 sept 2026,9,914772793,914772793Empty,9283,Outbound,Portabilidad Postpago,RETIRO EN TIENDA,Retiro en tienda,3114,ABIERTAS,Pendiente Entrega,Pendiente Entrega,NET_HEULOGIO,SIM,1 sept 2026,null,null,No,ABIERTAS,null,Multilínea,Mono_item,La Libertad,null
Ascope,Netcall,1 sept 2026,9,914772204,914772204Empty,9283,Outbound,Portabilidad Postpago,RETIRO EN TIENDA,Retiro en tienda,3114,ABIERTAS,Pendiente Entrega,Pendiente Entrega,NET_HEULOGIO,SIM,1 sept 2026,null,null,No,ABIERTAS,null,Multilínea,Mono_item,La Libertad,null
Arequipa,Netcall,1 sept 2026,0,914592178,91459217889511710111070710799,9283,Outbound,Portabilidad Postpago,EXPRESS,Logixtal,5022,ABIERTAS,Entregado,Entregado,NET_ARIVERA,SIM,1 sept 2026,null,null,No,ABIERTAS,null,Multilínea,Mono_item,Arequipa,null
Arequipa,Netcall,1 sept 2026,10,914780836,914780836Empty,9283,Outbound,Portabilidad Postpago,RETIRO EN TIENDA,Retiro en tienda,3163,ABIERTAS,Pendiente Entrega,Pendiente Entrega,NET_ACQUISPE,SIM,1 sept 2026,null,null,No,ABIERTAS,null,Monolínea,Mono_item,Arequipa,null
Arequipa,Netcall,1 sept 2026,10,914792480,914792480Empty,9283,Outbound,Portabilidad Postpago,RETIRO EN TIENDA,Retiro en tienda,7108,ABIERTAS,Pendiente Entrega,Pendiente Entrega,NET_ECARRETEROH,SIM,1 sept 2026,null,null,No,ABIERTAS,null,Monolínea,Mono_item,Arequipa,null
Arequipa,Netcall,1 sept 2026,0,914591791,91459179189511710111070730011,9283,Outbound,Portabilidad Postpago,EXPRESS,Logixtal,5022,ABIERTAS,Entregado,Entregado,NET_ARIVERA,SIM,1 sept 2026,null,null,No,ABIERTAS,null,Multilínea,Mono_item,Arequipa,null
Arequipa,Netcall,1 sept 2026,0,914591908,91459190889511710111070710823,9283,Outbound,Portabilidad Postpago,EXPRESS,Logixtal,5022,ABIERTAS,Entregado,Entregado,NET_ARIVERA,SIM,1 sept 2026,null,null,No,ABIERTAS,null,Multilínea,Mono_item,Arequipa,null
Arequipa,Netcall,1 sept 2026,0,914592508,91459250889511710111070710815,9283,Outbound,Portabilidad Postpago,EXPRESS,Logixtal,5022,ABIERTAS,Entregado,Entregado,NET_ARIVERA,SIM,1 sept 2026,null,null,No,ABIERTAS,null,Multilínea,Mono_item,Arequipa,null
Arequipa,Netcall,1 sept 2026,10,914791727,914791727Empty,9271,Outbound,Portabilidad Postpago,EXPRESS,Logixtal,5022,ABIERTAS,Pendiente Entrega,Pendiente de Picking,NET_CREYESJ,SIM,1 sept 2026,null,null,No,ABIERTAS,null,Monolínea,Mono_item,Arequipa,null
Arequipa,Netcall,1 sept 2026,0,914592795,91459279589511710111070710807,9283,Outbound,Portabilidad Postpago,EXPRESS,Logixtal,5022,ABIERTAS,Pendiente Entrega,Pendiente de Picking,NET_ARIVERA,SIM,1 sept 2026,null,null,No,ABIERTAS,null,Multilínea,Mono_item,Arequipa,null
Andahuaylas,Netcall,1 sept 2026,10,914792529,914792529Empty,5299,Outbound,Portabilidad Postpago,EXPRESS,Retiro en tienda,9358,ABIERTAS,Pendiente Entrega,Pendiente Entrega,NET_JBOZAC,SIM,1 sept 2026,null,null,No,ABIERTAS,null,Multilínea,Mono_item,Apurimac,null
Andahuaylas,Netcall,1 sept 2026,10,914789673,914789673Empty,5299,Outbound,Portabilidad Postpago,EXPRESS,Retiro en tienda,9358,ABIERTAS,Pendiente Entrega,Pendiente Entrega,NET_JBOZAC,SIM,1 sept 2026,null,null,No,ABIERTAS,null,Multilínea,Mono_item,Apurimac,null
Ancon,Netcall,1 sept 2026,10,914785932,914785932Empty,9283,Outbound,Portabilidad Postpago,PROGRAMADO,Logixtal,9001,ABIERTAS,Pendiente Entrega,Pendiente de Picking,NET_EMMENDIZF,SIM,2 sept 2026,null,null,No,ABIERTAS,null,Monolínea,Mono_item,Lima - Callao,null
Ancon,Netcall,1 sept 2026,10,914788596,914788596Empty,9283,Outbound,Portabilidad Postpago,PROGRAMADO,Logixtal,9001,ABIERTAS,Pendiente Entrega,Pendiente de Picking,NET_CULLOAC,SIM,2 sept 2026,null,null,No,ABIERTAS,null,Monolínea,Mono_item,Lima - Callao,null
Amarilis,Netcall,1 sept 2026,9,914774733,914774733Empty,9283,Outbound,Portabilidad Postpago,EXPRESS,Retiro en tienda,9353,ABIERTAS,Pendiente Entrega,Pendiente Entrega,NET_JVELASQUEZS,SIM,1 sept 2026,null,null,No,ABIERTAS,null,Monolínea,Mono_item,Huanuco,null
Amarilis,Netcall,1 sept 2026,10,914777491,914777491Empty,9283,Outbound,Portabilidad Postpago,EXPRESS,Retiro en tienda,9353,ABIERTAS,Pendiente Entrega,Pendiente Entrega,TLV_NET_YQUITOV,SIM,1 sept 2026,null,null,No,ABIERTAS,null,Monolínea,Mono_item,Huanuco,null
Amarilis,Netcall,1 sept 2026,9,914767369,914767369Empty,9283,Outbound,Portabilidad Postpago,EXPRESS,Retiro en tienda,9353,ABIERTAS,Pendiente Entrega,Pendiente Entrega,TLV_NET_BCHAVEZ,SIM,1 sept 2026,null,null,No,ABIERTAS,null,Monolínea,Mono_item,Huanuco,null
null,Netcall,1 sept 2026,11,914800784,914800784,9283,Outbound,Portabilidad Postpago,No bop,Logixtal,9001,ABIERTAS,No bop,No bop,NET_SCANTOT,(Sin datos Omnix),1 sept 2026,null,null,No,ABIERTAS,null,Monolínea,Mono_item,null,null
null,Netcall,1 sept 2026,9,914772329,914772329,9271,Outbound,Portabilidad Postpago,RETIRO EN TIENDA,Retiro en tienda,7116,ERROR,Cancelado,Cancelado,NET_GDJULCAT,(Sin datos Omnix),1 sept 2026,null,null,No,ERROR,null,Monolínea,Mono_item,Huanuco,null
null,Netcall,1 sept 2026,11,914800068,914800068,9283,Outbound,Portabilidad Postpago,No bop,Logixtal,9342,ABIERTAS,No bop,No bop,NET_SLIZARDOPER,(Sin datos Omnix),1 sept 2026,null,null,No,ABIERTAS,null,Monolínea,Mono_item,null,null
null,Netcall,1 sept 2026,11,914804736,914804736,9283,Outbound,Portabilidad Postpago,No bop,Logixtal,9342,ABIERTAS,No bop,No bop,NET_RGUTIERREZS,(Sin datos Omnix),1 sept 2026,null,null,No,ABIERTAS,null,Monolínea,Mono_item,null,null
null,Netcall,1 sept 2026,11,914799235,914799235,9283,Outbound,Portabilidad Postpago,No bop,Logixtal,9001,ABIERTAS,No bop,No bop,TLV_NET_FVALQUI,(Sin datos Omnix),1 sept 2026,null,null,No,ABIERTAS,null,Monolínea,Mono_item,null,null
null,Netcall,1 sept 2026,11,914803824,914803824,9283,Outbound,Venta Regular / Alta,No bop,Logixtal,9001,ABIERTAS,No bop,No bop,TLV_NET_RSORIAH,(Sin datos Omnix),1 sept 2026,null,null,No,ABIERTAS,null,Monolínea,Mono_item,null,null
null,Netcall,1 sept 2026,11,914801317,914801317,9283,Outbound,Portabilidad Postpago,No bop,Logixtal,5022,ABIERTAS,No bop,No bop,TLV_NET_MFERRER,(Sin datos Omnix),1 sept 2026,null,null,No,ABIERTAS,null,Monolínea,Mono_item,null,null
null,Netcall,1 sept 2026,11,914801413,914801413,9283,Outbound,Portabilidad Postpago,No bop,Logixtal,5022,ABIERTAS,No bop,No bop,NET_VZEGARRAAGU,(Sin datos Omnix),1 sept 2026,null,null,No,ABIERTAS,null,Monolínea,Mono_item,null,null
null,Netcall,1 sept 2026,11,914798277,914798277,9283,Outbound,Portabilidad Postpago,No bop,Logixtal,5022,ABIERTAS,No bop,No bop,TLV_NET_DVALOI,(Sin datos Omnix),1 sept 2026,null,null,No,ABIERTAS,null,Monolínea,Mono_item,null,null
null,Netcall,1 sept 2026,11,914793165,914793165,9283,Outbound,Portabilidad Postpago,No bop,Logixtal,9001,ABIERTAS,No bop,No bop,NET_JRAMIREZQ,(Sin datos Omnix),1 sept 2026,null,null,No,ABIERTAS,null,Monolínea,Mono_item,null,null
null,Netcall,1 sept 2026,11,914799155,914799155,9283,Outbound,Portabilidad Postpago,No bop,Logixtal,9342,ABIERTAS,No bop,No bop,TLV_NET_LVILLLA,(Sin datos Omnix),1 sept 2026,null,null,No,ABIERTAS,null,Monolínea,Mono_item,null,null
null,Netcall,1 sept 2026,11,914803507,914803507,9271,Outbound,Venta Regular / Alta,No bop,Logixtal,9001,ABIERTAS,No bop,No bop,NET_SNIMAG,(Sin datos Omnix),1 sept 2026,null,null,No,ABIERTAS,null,Monolínea,Mono_item,null,null
null,Netcall,1 sept 2026,11,914801995,914801995,9283,Outbound,Portabilidad Postpago,No bop,Logixtal,5021,ABIERTAS,No bop,No bop,NET_JCALDASB,(Sin datos Omnix),1 sept 2026,null,null,No,ABIERTAS,null,Monolínea,Mono_item,null,null
null,Netcall,1 sept 2026,11,914803210,914803210,9271,Outbound,Portabilidad Postpago,No bop,Logixtal,5024,ABIERTAS,No bop,No bop,NET_LNECIOSUPC,(Sin datos Omnix),1 sept 2026,null,null,No,ABIERTAS,null,Monolínea,Mono_item,null,null
null,Netcall,1 sept 2026,11,914803224,914803224,9283,Outbound,Portabilidad Postpago,No bop,Logixtal,5024,ABIERTAS,No bop,No bop,NET_SRAMOSC,(Sin datos Omnix),1 sept 2026,null,null,No,ABIERTAS,null,Monolínea,Mono_item,null,null
null,Netcall,1 sept 2026,11,914803441,914803441,9283,Outbound,Portabilidad Postpago,No bop,Logixtal,9001,ABIERTAS,No bop,No bop,NET_KBRACOV,(Sin datos Omnix),1 sept 2026,null,null,No,ABIERTAS,null,Monolínea,Mono_item,null,null
null,Netcall,1 sept 2026,11,914804256,914804256,9283,Outbound,Portabilidad Postpago,No bop,Logixtal,5021,ABIERTAS,No bop,No bop,NET_SDIAZO,(Sin datos Omnix),1 sept 2026,null,null,No,ABIERTAS,null,Monolínea,Mono_item,null,null
null,Netcall,1 sept 2026,11,914800518,914800518,9283,Outbound,Portabilidad Postpago,No bop,Logixtal,9001,ABIERTAS,No bop,No bop,NET_MORIHUELAQ,(Sin datos Omnix),1 sept 2026,null,null,No,ABIERTAS,null,Monolínea,Mono_item,null,null
null,Netcall,1 sept 2026,11,914802121,914802121,9283,Outbound,Portabilidad Postpago,No bop,Logixtal,9001,ABIERTAS,No bop,No bop,NET_CMUNOZC,(Sin datos Omnix),1 sept 2026,null,null,No,ABIERTAS,null,Monolínea,Mono_item,null,null
null,Netcall,1 sept 2026,11,914802629,914802629,9283,Outbound,Portabilidad Postpago,No bop,Logixtal,9001,CANCELADAS,No bop,No bop,NET_AARNAIZA,(Sin datos Omnix),1 sept 2026,null,null,No,CANCELADAS,2026-09-01 11:18:10,Monolínea,Mono_item,null,null
null,Netcall,1 sept 2026,11,914801138,914801138,9283,Outbound,Portabilidad Postpago,No bop,Logixtal,5022,ABIERTAS,No bop,No bop,NET_DDIAZC,(Sin datos Omnix),1 sept 2026,null,null,No,ABIERTAS,null,Monolínea,Mono_item,null,null
null,Netcall,1 sept 2026,11,914800519,914800519,9283,Outbound,Portabilidad Postpago,No bop,Logixtal,9001,ABIERTAS,No bop,No bop,NET_LLOBATONV,(Sin datos Omnix),1 sept 2026,null,null,No,ABIERTAS,null,Monolínea,Mono_item,null,null
null,Netcall,1 sept 2026,11,914803865,914803865,5299,Outbound,Portabilidad Postpago,RETIRO EN TIENDA,Retiro en tienda,1006,ABIERTAS,Pendiente Entrega,Pendiente Entrega,NET_KDREYNA,(Sin datos Omnix),1 sept 2026,null,null,No,ABIERTAS,null,Monolínea,Mono_item,null,null
null,Netcall,1 sept 2026,11,914802316,914802316,5299,Outbound,Portabilidad Postpago,RETIRO EN TIENDA,Retiro en tienda,9355,ABIERTAS,Pendiente Entrega,Pendiente Entrega,NET_BTRUJILLOT,(Sin datos Omnix),1 sept 2026,null,null,No,ABIERTAS,null,Multilínea,Mono_item,null,null
null,Netcall,1 sept 2026,11,914800815,914800815,5299,Outbound,Portabilidad Postpago,RETIRO EN TIENDA,Retiro en tienda,9355,ABIERTAS,Pendiente Entrega,Pendiente Entrega,NET_BTRUJILLOT,(Sin datos Omnix),1 sept 2026,null,null,No,ABIERTAS,null,Multilínea,Mono_item,null,null
null,Netcall,1 sept 2026,11,914798253,914798253,9283,Outbound,Venta Regular / Alta,RETIRO EN TIENDA,Retiro en tienda,9344,ABIERTAS,Pendiente Entrega,Pendiente Entrega,NET_SRODRIGUEZP,(Sin datos Omnix),1 sept 2026,null,null,No,ABIERTAS,null,Multilínea,Mono_item,Ancash,null
null,Netcall,1 sept 2026,11,914799412,914799412,9283,Outbound,Venta Regular / Alta,RETIRO EN TIENDA,Retiro en tienda,9343,ABIERTAS,Pendiente Entrega,Pendiente Entrega,TLV_NET_LSANCHA,(Sin datos Omnix),1 sept 2026,null,null,No,ABIERTAS,null,Multilínea,Mono_item,Cusco,null
null,Netcall,1 sept 2026,11,914798094,914798094,9283,Outbound,Portabilidad Postpago,RETIRO EN TIENDA,Retiro en tienda,9343,ABIERTAS,Pendiente Entrega,Pendiente Entrega,TLV_NET_LSANCHA,(Sin datos Omnix),1 sept 2026,null,null,No,ABIERTAS,null,Multilínea,Mono_item,Cusco,null
null,Netcall,1 sept 2026,11,914798928,914798928,9283,Outbound,Portabilidad Postpago,RETIRO EN TIENDA,Retiro en tienda,9349,ABIERTAS,Pendiente Entrega,Pendiente Entrega,NET_TMUNOZCALDE,(Sin datos Omnix),1 sept 2026,null,null,No,ABIERTAS,null,Monolínea,Mono_item,null,null
null,Netcall,1 sept 2026,11,914804009,914804009,9283,Outbound,Portabilidad Postpago,RETIRO EN TIENDA,Retiro en tienda,9349,ABIERTAS,Pendiente Entrega,Pendiente Entrega,TLV_NET_DBARTET,(Sin datos Omnix),1 sept 2026,null,null,No,ABIERTAS,null,Monolínea,Mono_item,null,null
null,Netcall,1 sept 2026,11,914800657,914800657,9283,Outbound,Portabilidad Postpago,RETIRO EN TIENDA,Retiro en tienda,9346,ABIERTAS,Pendiente Entrega,Pendiente Entrega,TLV_NET_DVALOI,(Sin datos Omnix),1 sept 2026,null,null,No,ABIERTAS,null,Monolínea,Mono_item,Junin,null
null,Netcall,1 sept 2026,11,914802056,914802056,9283,Outbound,Portabilidad Postpago,RETIRO EN TIENDA,Retiro en tienda,3008,ABIERTAS,Pendiente Entrega,Pendiente Entrega,NET_YCASTILLOO,(Sin datos Omnix),1 sept 2026,null,null,No,ABIERTAS,null,Monolínea,Mono_item,null,null
null,Netcall,1 sept 2026,11,914802088,914802088,9283,Outbound,Portabilidad Postpago,RETIRO EN TIENDA,Retiro en tienda,3013,ABIERTAS,Pendiente Entrega,Pendiente Entrega,NET_STAVARALIVI,(Sin datos Omnix),1 sept 2026,null,null,No,ABIERTAS,null,Monolínea,Mono_item,null,null
null,Netcall,1 sept 2026,11,914802813,914802813,9283,Outbound,Portabilidad Postpago,RETIRO EN TIENDA,Retiro en tienda,7106,ABIERTAS,Pendiente Entrega,Pendiente Entrega,NET_ALOPEZD,(Sin datos Omnix),1 sept 2026,null,null,No,ABIERTAS,null,Multilínea,Mono_item,Junin,null
null,Netcall,1 sept 2026,11,914801261,914801261,9283,Outbound,Portabilidad Postpago,RETIRO EN TIENDA,Retiro en tienda,7106,ABIERTAS,Pendiente Entrega,Pendiente Entrega,NET_ALOPEZD,(Sin datos Omnix),1 sept 2026,null,null,No,ABIERTAS,null,Multilínea,Mono_item,Junin,null
null,Netcall,1 sept 2026,11,914799846,914799846,9283,Outbound,Portabilidad Postpago,RETIRO EN TIENDA,Retiro en tienda,9344,ABIERTAS,Pendiente Entrega,Pendiente Entrega,NET_AHUAMANZ,(Sin datos Omnix),1 sept 2026,null,null,No,ABIERTAS,null,Monolínea,Mono_item,Ancash,null
null,Netcall,1 sept 2026,11,914799089,914799089,9283,Outbound,Portabilidad Postpago,No bop,Logixtal,9001,ABIERTAS,No bop,No bop,NET_DNIEVESNIMA,(Sin datos Omnix),1 sept 2026,null,null,No,ABIERTAS,null,Monolínea,Mono_item,null,null